user_id,avg_rating,avg_sentiment,persona_cluster
U000751,4.25,1.0,1
U003768,3.3333333333333335,1.0,1
U004751,3.3333333333333335,0.16666666666666666,1
U005511,4.0,1.0,2
U009989,3.3333333333333335,0.3333333333333333,1
U000717,4.166666666666667,0.3333333333333333,1
U000332,3.6666666666666665,0.0,1
U000435,2.3333333333333335,0.3333333333333333,1
U009781,3.0,0.3333333333333333,1
U007574,2.0,0.0,0
U007541,3.5,0.75,1
U008965,2.6666666666666665,0.3333333333333333,1
U005423,3.0,0.0,0
U008646,3.0,0.4,1
U005460,3.0,0.0,0
U007513,4.0,0.0,2
U008751,4.0,0.0,2
U003753,4.0,0.0,2
U008621,4.0,0.0,2
U001115,2.0,0.5,0
U008672,5.0,1.0,2
U008063,3.3333333333333335,0.3333333333333333,1
U003694,2.0,0.0,0
U002687,4.8,1.0,1
U002987,4.25,1.0,1
U002708,1.5,1.5,0
U009868,3.5,0.75,1
U008596,3.0,0.0,0
U001560,2.5,1.0,0
U008738,4.0,1.0,2
U002947,3.5,1.0,0
U006911,3.0,1.2,1
U007647,4.0,0.0,2
U007949,5.0,0.5,2
U001260,3.5,0.5,0
U000811,3.0,1.25,1
U001887,2.3333333333333335,0.0,1
U005530,3.25,0.5,1
U008094,3.0,0.0,0
U003981,5.0,0.0,2
U006231,5.0,1.0,2
U009141,5.0,0.0,2
U006910,4.0,0.0,2
U004706,3.5,0.25,1
U004791,3.0,1.0,0
U001604,4.5,0.5,2
U008161,4.0,0.0,2
U008945,5.0,0.0,2
U002185,4.0,2.0,2
U007070,5.0,0.0,2
U001219,4.333333333333333,0.6666666666666666,1
U000619,3.0,0.0,0
U002382,4.0,0.0,2
U006872,4.0,0.0,2
U000683,1.0,0.0,0
U001537,4.0,1.0,2
U007404,4.0,1.0,2
U002336,2.0,1.0,0
U001004,4.5,0.5,2
U001783,4.0,0.0,2
U001016,4.0,1.0,2
U000439,5.0,1.0,2
U007305,4.333333333333333,0.6666666666666666,1
U007639,3.0,0.5,1
U004138,3.8,0.4,1
U008077,3.0,1.0,0
U000669,4.0,0.6666666666666666,1
U007591,3.5,0.5,0
U009896,3.8333333333333335,0.8333333333333334,1
U005214,4.666666666666667,1.0,1
U002866,3.0,0.75,1
U003177,2.0,0.5,0
U001982,5.0,0.0,2
U005528,5.0,0.5,2
U005421,4.666666666666667,0.0,1
U003052,3.6,1.0,1
U001281,3.0,0.0,0
U001391,3.5,1.5,0
U003584,3.0,1.0,0
U009499,3.5,0.5,0
U001760,3.0,0.5,0
U000911,3.5,0.5,1
U008468,3.5,0.5,0
U001180,5.0,0.5,2
U002647,3.5,0.5,0
U007590,3.0,0.0,0
U001491,3.5,1.0,0
U002460,2.0,0.0,0
U002424,2.5,0.0,0
U000498,3.5,0.5,0
U007906,4.333333333333333,0.0,1
U003951,4.0,0.75,1
U002900,3.0,0.0,0
U004774,3.5,1.0,0
U002645,4.0,0.5,2
U009880,3.3333333333333335,0.3333333333333333,1
U000636,5.0,2.0,2
U000742,5.0,1.0,2
U009090,2.0,0.0,0
U001848,5.0,2.0,2
U009480,3.6666666666666665,0.3333333333333333,1
U005265,3.5,0.0,0
U004202,5.0,0.0,2
U002111,1.0,0.0,0
U005648,4.0,0.0,2
U009319,3.0,0.0,0
U000712,4.0,0.0,1
U002787,2.6666666666666665,0.6666666666666666,1
U009180,3.75,0.75,1
U007982,3.5,0.0,0
U004541,5.0,1.0,2
U009591,4.0,1.0,2
U004388,3.0,0.0,0
U006870,5.0,1.0,2
U001489,3.0,1.0,0
U003080,3.0,1.0,0
U006820,2.6666666666666665,0.6666666666666666,1
U005281,3.0,0.6666666666666666,1
U005267,5.0,0.5,2
U006901,3.75,0.25,1
U008466,4.0,1.0,2
U008590,3.0,1.0,0
U003464,5.0,0.0,2
U007409,3.5,0.0,0
U007892,4.5,0.0,2
U006925,3.0,0.0,0
U006707,3.0,0.0,0
U006735,2.0,2.0,0
U005228,2.0,1.0,0
U007242,3.5,0.0,0
U008302,3.6666666666666665,0.6666666666666666,1
U004744,4.0,0.5,1
U002426,3.5,0.3333333333333333,1
U003028,3.0,0.6666666666666666,1
U000817,4.0,0.0,1
U001245,3.2,0.4,1
U009061,4.4,0.4,1
U008282,4.5,0.75,1
U000206,4.25,0.25,1
U002476,4.0,0.3333333333333333,1
U006976,3.0,0.0,0
U003206,5.0,0.0,2
U006222,3.3333333333333335,0.0,1
U006299,3.6666666666666665,0.3333333333333333,1
U001753,4.0,0.5,2
U006068,3.0,2.0,0
U009874,4.0,0.0,2
U007790,3.0,0.0,0
U008172,2.0,0.0,0
U004347,3.0,1.0,0
U002386,4.0,0.0,2
U009207,4.0,1.0,2
U007201,4.0,0.0,2
U007152,4.0,1.0,2
U008365,3.0,0.2,1
U003240,3.0,1.0,1
U009819,3.0,0.5,0
U007712,3.0,0.0,1
U006980,3.0,0.0,0
U000428,3.5,0.5,0
U007747,4.0,0.6666666666666666,1
U006519,4.0,0.3333333333333333,1
U002877,3.5,1.5,0
U008098,3.0,0.0,0
U000749,4.0,0.0,2
U005086,5.0,1.0,2
U002050,4.0,0.0,2
U001502,3.3333333333333335,0.6666666666666666,1
U001044,2.5,0.0,0
U001111,3.0,1.5,0
U001799,2.6,0.4,1
U003979,3.5,0.0,0
U007552,3.0,1.0,0
U002152,2.6666666666666665,0.0,1
U000711,4.0,0.5,2
U004417,2.5,0.0,0
U002212,3.5,0.0,0
U005591,3.0,2.0,0
U001635,4.0,1.0,2
U007129,4.0,0.0,2
U002515,3.0,2.0,0
U009509,4.0,0.0,2
U000238,3.0,1.0,0
U009403,4.0,1.0,2
U000707,3.0,0.0,0
U002942,5.0,0.0,2
U009996,3.0,0.0,0
U007457,3.0,0.3333333333333333,1
U007172,5.0,0.0,2
U008550,4.333333333333333,0.6666666666666666,1
U004802,5.0,0.0,2
U005772,3.0,0.0,0
U005856,2.0,0.0,0
U008181,3.0,1.0,1
U006770,3.6666666666666665,0.6666666666666666,1
U009564,5.0,0.3333333333333333,1
U003820,3.0,2.0,0
U004525,3.5,0.5,0
U005127,4.0,1.0,2
U005872,3.3333333333333335,0.5,1
U003640,3.5,0.5,0
U008343,5.0,0.0,2
U000629,5.0,0.0,2
U008686,3.0,0.0,0
U005997,5.0,1.0,2
U006927,4.0,0.5,2
U009380,2.6666666666666665,0.0,1
U001896,4.0,0.0,2
U007860,3.5,0.0,0
U004715,5.0,0.0,2
U007017,5.0,2.0,2
U006150,3.0,0.6666666666666666,1
U003009,3.5,2.0,0
U006131,2.0,0.0,0
U000473,3.0,1.0,0
U008473,3.0,1.0,0
U005940,4.5,1.0,2
U007062,3.5,0.5,0
U005020,3.0,0.0,0
U006674,3.0,2.0,0
U009712,1.0,0.0,0
U005843,5.0,1.0,2
U007676,4.5,0.25,1
U008089,3.4,0.6,1
U006730,3.0,0.5,0
U003219,5.0,1.0,2
U003356,2.5,0.0,0
U008846,5.0,0.5,2
U000527,3.5,0.5,0
U002834,3.6666666666666665,1.6666666666666667,1
U009859,4.0,0.0,2
U001346,4.5,0.5,2
U003862,2.0,1.0,0
U000550,4.0,1.0,2
U006649,2.8,0.4,1
U006126,3.5,0.5,1
U006052,4.0,0.0,2
U007586,3.0,0.5,0
U005178,2.5,0.5,0
U004629,3.0,0.0,0
U003094,2.0,1.0,0
U007314,2.0,0.0,0
U008460,4.0,0.5,2
U001900,4.0,0.6666666666666666,1
U002116,2.0,0.5,0
U004943,5.0,2.0,2
U002941,4.0,0.0,2
U004756,1.5,0.0,0
U003679,4.0,1.0,2
U006108,4.0,0.0,2
U003766,5.0,1.0,2
U000766,4.0,1.0,2
U000628,3.5,0.5,0
U008361,4.0,0.0,2
U004427,4.0,1.0,2
U005583,3.0,1.0,0
U001748,5.0,1.0,2
U009208,4.0,0.0,2
U007393,3.0,0.5,0
U006685,2.6666666666666665,0.3333333333333333,1
U003078,3.5,1.0,1
U005951,2.5,1.0,0
U008256,1.6666666666666667,0.6666666666666666,0
U005052,3.3333333333333335,0.3333333333333333,1
U004023,3.5,0.5,1
U009740,2.0,1.0,0
U007387,3.3333333333333335,0.6666666666666666,1
U008169,3.5,1.0,0
U002276,4.0,0.0,2
U002725,5.0,0.0,2
U003949,3.3333333333333335,0.3333333333333333,1
U000164,4.5,0.0,2
U008314,4.333333333333333,0.6666666666666666,1
U000671,3.25,0.75,1
U006613,4.0,0.3333333333333333,1
U001427,3.0,0.0,0
U003792,4.0,0.5,2
U001446,4.0,0.0,2
U006899,2.6666666666666665,0.3333333333333333,1
U001873,4.0,1.0,2
U006474,4.5,1.5,2
U005822,3.0,0.0,0
U007431,5.0,1.0,2
U008951,3.8,0.4,1
U004307,3.0,2.0,0
U000516,4.0,0.5,2
U000333,5.0,1.0,2
U008762,3.0,1.0,0
U006564,3.0,1.0,0
U001984,3.0,0.0,0
U009136,5.0,1.0,2
U005923,5.0,0.0,2
U009804,3.5,0.0,1
U007252,4.666666666666667,0.6666666666666666,1
U001808,4.2,0.8,1
U005865,3.0,1.0,0
U004598,3.2,0.6,1
U005908,3.0,2.0,0
U002991,3.0,2.0,0
U000481,3.6,0.6,1
U007261,3.0,0.0,0
U009950,4.0,1.0,2
U005257,2.0,0.0,0
U005292,4.0,0.0,2
U002279,4.5,0.25,1
U002297,3.5,1.0,0
U004104,3.0,1.0,0
U006742,2.0,2.0,0
U004296,3.6666666666666665,0.6666666666666666,1
U005237,3.6666666666666665,0.3333333333333333,1
U006267,4.0,0.5,2
U008659,3.0,0.0,0
U002981,3.0,0.6666666666666666,1
U005458,4.5,0.0,2
U008975,2.0,1.0,0
U003741,4.0,0.0,2
U008925,5.0,0.5,2
U003881,3.5,0.0,0
U004713,2.0,0.5,0
U006450,5.0,1.0,2
U003192,3.5,1.0,0
U007378,3.0,1.0,0
U003391,4.0,0.75,1
U004363,3.5,1.5,0
U009314,5.0,2.0,2
U000312,4.2,0.0,1
U004916,4.0,1.0,2
U001226,1.0,0.0,0
U007869,4.0,0.0,2
U005190,3.0,1.5,0
U007953,3.0,1.0,0
U006622,4.0,0.5,1
U005072,4.0,0.5,1
U008138,3.6666666666666665,0.6666666666666666,1
U000267,4.0,0.0,2
U001036,2.75,0.25,1
U004856,3.3333333333333335,0.3333333333333333,1
U008531,5.0,0.75,1
U008133,2.6666666666666665,0.3333333333333333,1
U008389,2.5,0.0,0
U008072,4.0,0.5,2
U001193,2.6666666666666665,0.6666666666666666,1
U007506,3.6666666666666665,0.6666666666666666,1
U009516,3.5,0.5,0
U000959,4.0,0.5,2
U003922,5.0,0.0,2
U004837,5.0,0.0,2
U005473,4.4,0.2,1
U003481,4.166666666666667,0.8333333333333334,1
U008481,3.0,0.0,0
U008901,4.0,1.0,1
U009422,4.25,0.25,1
U007603,3.75,0.5,1
U008983,3.0,0.0,0
U008813,2.5,0.0,0
U000014,2.6666666666666665,0.6666666666666666,1
U007089,3.75,0.25,1
U003442,4.0,0.0,2
U000513,2.75,0.5,1
U005754,3.0,1.0,0
U008822,3.0,0.0,0
U001774,4.0,0.0,2
U005045,2.5,1.0,0
U002946,5.0,0.0,2
U007339,4.0,0.0,2
U002270,2.0,0.5,0
U008528,2.0,0.5,0
U006936,4.0,1.0,2
U001857,2.0,2.0,0
U008772,2.0,0.0,0
U001377,1.0,1.0,0
U008736,3.0,0.0,1
U001071,4.166666666666667,0.5,1
U006931,4.0,0.0,2
U006868,3.0,1.0,0
U003339,3.6,0.2,1
U002296,5.0,0.0,2
U004243,4.5,1.5,2
U006157,4.0,0.5,2
U000463,4.0,1.0,2
U003669,3.8333333333333335,0.6666666666666666,1
U001459,4.0,0.0,2
U003611,4.0,0.0,2
U002174,5.0,0.5,2
U005229,4.0,0.4,1
U003987,3.3333333333333335,0.3333333333333333,1
U002730,2.75,0.5,1
U002216,3.0,0.0,0
U008724,3.8,0.2,1
U007106,4.0,1.0,2
U005567,1.0,2.0,0
U002184,3.25,1.5,1
U008644,2.6666666666666665,0.0,1
U006706,4.0,2.0,2
U009512,3.0,0.0,0
U009352,4.5,0.0,2
U008184,3.5,0.5,0
U001924,2.0,1.3333333333333333,0
U001515,5.0,0.5,2
U003839,3.5,1.0,0
U003068,4.333333333333333,0.6666666666666666,1
U004152,3.5,0.0,0
U002842,3.0,0.6666666666666666,1
U000646,3.5,0.5,0
U001213,3.3333333333333335,0.6666666666666666,1
U008164,1.6666666666666667,0.3333333333333333,0
U003838,4.5,0.0,2
U004361,3.5,1.0,0
U007753,5.0,0.0,2
U009436,4.0,1.0,2
U003441,4.0,0.0,2
U008444,5.0,1.0,2
U001977,4.5,0.5,2
U004764,4.0,0.0,2
U009931,3.0,0.0,0
U003593,4.0,0.0,2
U008518,3.6666666666666665,0.0,1
U001309,2.25,0.25,1
U000190,3.3333333333333335,0.0,1
U008999,3.0,0.0,0
U003632,4.0,0.3333333333333333,1
U007735,4.5,0.5,2
U007357,4.0,0.5,1
U008574,4.0,0.75,1
U000253,3.5,0.0,0
U005755,4.0,1.0,2
U009014,2.5,0.75,1
U000163,2.0,0.0,0
U002176,2.0,0.0,0
U006582,5.0,2.0,2
U008796,2.0,0.0,0
U009511,4.0,0.0,2
U003848,5.0,0.0,2
U002556,4.5,0.0,2
U002836,3.3333333333333335,0.0,1
U006130,2.6666666666666665,1.0,1
U004980,4.0,0.25,1
U000541,3.0,0.0,0
U006470,5.0,1.0,2
U004917,5.0,1.0,2
U001628,3.0,0.0,0
U005749,3.0,0.0,0
U006524,3.0,0.0,0
U006597,3.0,1.0,0
U007451,2.0,2.0,0
U006087,2.75,1.0,1
U009818,3.3,0.6,1
U006751,4.0,0.0,1
U009793,2.6666666666666665,0.3333333333333333,1
U008851,4.666666666666667,1.0,1
U002607,4.0,0.0,2
U004247,2.3333333333333335,0.6666666666666666,1
U006190,3.5,1.5,0
U009347,3.6666666666666665,0.0,1
U006611,3.5,0.0,0
U002346,4.0,0.75,1
U007008,3.6666666666666665,0.3333333333333333,1
U007579,3.0,0.0,0
U005164,3.3333333333333335,0.0,1
U009304,3.0,0.0,0
U000809,4.0,0.0,2
U004304,5.0,1.0,2
U009566,4.0,0.5,2
U007368,3.0,0.0,0
U000224,3.0,0.0,0
U006402,3.4,0.4,1
U007891,3.0,0.0,0
U004969,2.5,1.5,0
U003710,5.0,0.0,2
U007281,3.0,1.0,0
U003814,4.5,0.0,2
U007426,2.0,0.0,0
U007989,5.0,0.0,2
U002168,3.0,1.0,0
U008545,4.0,0.0,2
U005274,4.5,1.5,2
U009316,3.0,0.3333333333333333,1
U001152,3.6,0.4,1
U009513,2.75,0.0,1
U001292,2.75,0.25,1
U002236,4.0,0.0,2
U007583,3.5,0.5,0
U004485,4.0,0.5,2
U003095,3.0,0.5,0
U004410,2.0,1.5,0
U005553,4.0,0.75,1
U007103,4.125,0.625,1
U001208,4.0,0.0,2
U008532,4.333333333333333,0.3333333333333333,1
U000431,3.25,0.75,1
U009827,4.0,0.0,1
U002844,3.5,1.0,0
U000650,4.0,0.0,2
U001882,4.333333333333333,0.6666666666666666,1
U008585,2.0,2.0,0
U001844,3.3333333333333335,0.3333333333333333,1
U003293,3.0,1.0,0
U009160,2.0,0.0,0
U002790,3.0,1.0,0
U005738,4.0,0.5,2
U000666,3.0,0.5,0
U006926,3.0,1.0,0
U002808,4.5,0.5,2
U004387,4.0,0.0,2
U006503,2.0,0.0,0
U009606,4.0,0.5,2
U002132,3.0,0.0,0
U002261,4.0,0.0,2
U001201,3.0,1.0,0
U009919,3.6666666666666665,0.3333333333333333,1
U001608,3.3333333333333335,0.6666666666666666,1
U007822,3.8,0.4,1
U004130,3.3333333333333335,1.0,1
U002047,4.0,0.0,2
U007746,3.0,0.0,0
U001561,3.5,0.0,0
U005626,2.0,0.0,0
U005313,3.0,1.0,1
U008684,4.333333333333333,1.0,1
U001705,3.5,0.5,0
U002351,3.0,0.5,1
U000845,3.0,0.0,0
U003076,3.6666666666666665,0.0,1
U003422,4.0,2.0,2
U004299,5.0,0.0,2
U005850,4.5,1.0,2
U009825,3.75,0.25,1
U006175,2.0,0.0,0
U007665,4.5,0.25,1
U003225,2.0,0.0,0
U007687,4.0,0.0,2
U000336,3.6666666666666665,0.6666666666666666,1
U003505,4.0,0.0,2
U007153,3.8333333333333335,0.16666666666666666,1
U009982,3.5,0.5,0
U009999,2.0,0.0,0
U009759,4.5,0.0,2
U005977,3.3333333333333335,0.0,1
U001261,4.0,0.0,2
U001672,5.0,2.0,2
U003048,2.5,0.5,0
U003607,3.5,0.5,0
U004726,2.5,0.5,0
U003267,3.0,0.0,0
U002333,3.0,0.0,0
U007580,4.0,0.0,2
U006345,5.0,0.0,2
U008710,3.5714285714285716,1.0,1
U005067,3.0,0.0,1
U002041,3.0,0.0,0
U008002,2.5,1.0,0
U006686,4.333333333333333,1.0,1
U006988,3.3333333333333335,0.6666666666666666,1
U005170,4.333333333333333,0.3333333333333333,1
U003916,5.0,1.0,2
U008676,3.5,0.5,0
U004101,2.0,0.0,0
U004078,2.0,0.0,0
U009244,3.8333333333333335,0.8333333333333334,1
U003445,3.6666666666666665,0.6666666666666666,1
U001349,3.0,0.0,0
U008614,3.2,0.6,1
U001583,5.0,0.0,2
U006027,2.0,1.0,0
U001811,4.0,0.0,2
U003801,3.6666666666666665,0.6666666666666666,1
U000251,3.0,1.0,0
U007755,4.0,0.0,2
U003258,4.0,2.0,2
U005879,4.0,0.5,2
U002719,5.0,0.0,2
U000374,4.0,0.5,2
U004733,4.0,1.0,2
U003200,4.5,0.0,2
U005561,5.0,2.0,2
U002702,3.0,0.0,0
U004678,3.0,0.0,0
U003919,3.5,0.0,0
U000758,4.0,0.0,2
U006924,3.0,0.0,0
U009550,4.0,1.0,2
U000254,2.0,0.0,0
U001574,3.5,0.5,0
U009129,3.0,2.0,0
U004840,3.25,0.75,1
U005486,3.75,0.25,1
U007012,3.0,1.0,0
U002895,5.0,0.6666666666666666,1
U003905,3.25,0.5,1
U009656,2.5,1.0,0
U004407,4.0,0.0,2
U009689,3.0,0.5,1
U001613,2.8333333333333335,0.16666666666666666,1
U004265,4.0,0.3333333333333333,1
U000436,2.6666666666666665,0.3333333333333333,1
U001186,3.25,1.0,1
U000841,3.6666666666666665,0.5,1
U000091,2.5,1.0,0
U006181,4.0,0.75,1
U004929,4.0,2.0,2
U006096,3.5,0.16666666666666666,1
U008005,4.333333333333333,0.0,1
U009493,3.8,0.2,1
U006233,4.333333333333333,0.5,1
U003829,5.0,1.0,2
U004211,3.2,0.4,1
U003030,3.0,0.6666666666666666,1
U001959,4.0,0.0,2
U000912,2.0,0.0,0
U001733,2.75,0.25,1
U004631,5.0,0.0,2
U004516,5.0,2.0,2
U005376,4.333333333333333,0.0,1
U007551,3.5,0.5,0
U008229,3.0,1.0,1
U006351,4.0,2.0,2
U003255,4.0,0.0,2
U005933,4.0,1.0,2
U005123,4.0,0.0,2
U004993,1.0,0.0,0
U003639,3.0,1.0,0
U006577,4.0,0.0,2
U009153,3.5,0.0,0
U001676,4.5,0.25,1
U000316,3.5,2.0,0
U000932,3.4,0.8,1
U004707,3.0,0.0,0
U003090,3.6666666666666665,0.3333333333333333,1
U008874,4.0,1.5,2
U000203,4.5,0.0,2
U004843,5.0,1.0,2
U000778,4.333333333333333,0.3333333333333333,1
U009220,3.0,0.0,0
U006946,4.0,0.0,1
U004801,5.0,0.0,2
U008747,2.0,0.0,0
U004866,4.333333333333333,0.6666666666666666,1
U000548,4.0,0.5,2
U007688,3.75,0.5,1
U005718,3.4,1.2,1
U008456,2.6666666666666665,0.0,1
U004619,3.75,0.25,1
U000600,3.0,2.0,0
U003250,3.0,1.0,0
U001388,3.0,0.6666666666666666,1
U002065,4.0,1.0,2
U008708,3.6666666666666665,1.0,1
U003479,3.5,0.0,0
U009602,3.5,0.0,0
U007601,4.5,0.5,2
U003684,3.0,1.0,0
U004154,3.0,0.0,0
U007226,3.0,1.0,0
U005586,3.0,0.3333333333333333,1
U008064,4.0,1.0,2
U007472,3.5,0.0,0
U000802,5.0,1.0,2
U003656,4.0,1.0,1
U006073,3.0,1.0,0
U004337,5.0,0.0,2
U009195,5.0,2.0,2
U008909,4.0,0.0,2
U003706,4.0,1.0,2
U001464,3.0,0.0,0
U002683,5.0,0.0,2
U009249,2.0,0.0,0
U008447,4.0,1.0,2
U002239,4.5,0.25,1
U008953,3.4,0.0,1
U005769,5.0,0.0,2
U008852,4.0,0.5,1
U004638,4.666666666666667,0.3333333333333333,1
U007547,3.6666666666666665,0.6666666666666666,1
U008828,4.0,0.0,2
U007981,3.6666666666666665,0.6666666666666666,1
U003260,3.0,0.0,0
U005861,3.0,1.0,0
U003697,3.6666666666666665,0.3333333333333333,1
U000774,2.5,1.0,0
U001512,3.0,0.3333333333333333,1
U000429,2.25,0.25,1
U008887,4.25,0.5,1
U002464,2.0,0.0,0
U008390,3.0,2.0,0
U000948,3.0,1.0,0
U003725,2.0,0.0,0
U004738,4.0,0.0,2
U004891,1.5,1.0,0
U004547,4.0,0.0,2
U002411,5.0,1.0,2
U007567,3.0,1.0,0
U003050,4.0,0.0,2
U004288,4.5,0.5,2
U001371,5.0,0.0,2
U001282,4.0,0.0,2
U009077,1.0,1.0,0
U000510,3.0,0.0,0
U007948,3.0,1.0,0
U009384,5.0,0.0,2
U002283,5.0,0.5,2
U003920,3.0,1.25,1
U007323,3.0,0.0,0
U003907,3.0,0.5,0
U004248,3.3333333333333335,0.3333333333333333,1
U003072,3.2,0.0,1
U007266,4.0,1.0,2
U006733,5.0,0.0,2
U003098,3.875,0.375,1
U008048,3.0,0.0,0
U007907,3.0,1.0,0
U004316,2.5,0.0,0
U004771,4.0,0.0,1
U004951,3.0,1.0,0
U004961,3.25,0.25,1
U007044,3.25,0.75,1
U006603,4.5,1.0,2
U005119,4.0,0.6666666666666666,1
U001021,4.0,0.0,2
U008332,3.5,0.0,0
U006456,4.333333333333333,0.0,1
U007167,3.0,0.0,0
U002280,4.0,0.0,2
U008875,2.0,0.0,0
U002370,3.0,0.0,0
U008372,4.5,0.0,2
U003871,3.0,0.5,0
U008257,2.5,0.0,0
U001632,4.0,1.0,2
U000647,2.0,0.0,0
U008082,3.0,0.0,0
U008702,4.0,0.2857142857142857,1
U001775,3.25,0.0,1
U000927,4.0,0.0,2
U000457,1.5,0.5,0
U008788,4.5,0.0,1
U003224,2.0,0.0,0
U005670,3.0,1.3333333333333333,1
U005568,3.0,0.0,0
U002924,3.3333333333333335,0.3333333333333333,1
U009666,3.6666666666666665,0.3333333333333333,1
U008870,3.75,0.25,1
U005492,3.909090909090909,0.45454545454545453,1
U006229,3.4,0.6,1
U001177,3.0,0.0,0
U003364,3.3333333333333335,0.3333333333333333,1
U009378,3.6,0.8,1
U009916,4.4,0.8,1
U007773,5.0,0.0,2
U008069,3.5,0.5,0
U008076,3.0,0.0,0
U008105,4.0,1.0,2
U001791,3.0,1.0,0
U000020,3.0,1.0,0
U003883,4.0,0.5,1
U003661,3.5,1.0,1
U009463,3.0,0.0,0
U007241,3.0,1.0,0
U009299,4.0,0.0,1
U000044,4.333333333333333,0.6666666666666666,1
U000341,3.0,2.0,0
U004670,4.0,0.5,2
U007556,4.0,1.0,2
U003941,2.0,0.0,0
U004148,4.0,0.0,2
U006671,3.0,0.0,0
U006839,5.0,0.0,2
U004784,5.0,0.0,2
U007526,5.0,0.0,2
U002904,4.0,0.0,2
U001318,3.0,0.5,0
U007137,3.3333333333333335,0.6666666666666666,1
U009632,4.25,0.5,1
U006088,3.3333333333333335,0.3333333333333333,1
U009254,4.5,0.5,2
U001704,1.0,1.0,0
U006273,5.0,2.0,2
U002554,5.0,0.0,2
U006618,3.5,0.5,1
U001029,3.0,2.0,0
U002196,5.0,0.0,2
U006420,3.0,1.0,0
U007093,2.0,0.0,0
U000134,4.333333333333333,1.3333333333333333,1
U007518,4.0,0.25,1
U006415,5.0,1.0,2
U001598,4.0,0.5,2
U000779,3.0,1.0,0
U001082,2.0,2.0,0
U001293,3.3333333333333335,0.6666666666666666,1
U000993,4.0,0.6666666666666666,1
U007410,3.0,0.0,0
U006585,4.0,0.0,2
U000781,4.0,2.0,2
U005941,1.5,0.5,0
U000418,2.0,0.0,0
U005532,4.0,2.0,2
U008222,3.3333333333333335,1.0,1
U005440,3.8,0.2,1
U008017,3.0,0.5,0
U008942,4.0,1.0,2
U008218,2.0,0.0,0
U006814,3.0,0.0,0
U002595,2.0,1.0,0
U007255,3.5,0.0,0
U001011,3.0,0.5,0
U000292,3.5,1.0,0
U004180,4.666666666666667,0.0,1
U006653,3.0,2.0,0
U000714,2.0,1.0,0
U005691,3.3333333333333335,0.6666666666666666,1
U007442,3.4,0.8,1
U005336,3.0,0.0,0
U002800,3.0,1.0,0
U009972,3.0,0.5,0
U007975,3.3333333333333335,1.3333333333333333,1
U002058,3.0,1.5,0
U000344,3.0,0.5,0
U008044,3.0,1.0,0
U005101,3.0,0.5,0
U004807,4.0,0.0,2
U002516,2.3333333333333335,0.0,1
U009071,5.0,0.0,2
U006135,4.0,0.5,2
U007212,5.0,0.0,2
U004473,1.0,1.0,0
U004874,3.0,1.0,0
U002917,2.0,0.0,0
U002027,4.0,0.5,1
U005343,5.0,0.0,2
U000881,4.0,1.0,2
U005014,2.5,1.0,0
U001566,3.0,0.0,0
U006405,4.0,1.0,2
U004151,4.0,0.6666666666666666,1
U006949,4.0,0.0,2
U000570,4.0,0.5,2
U004761,5.0,0.3333333333333333,1
U008985,2.0,1.0,0
U008073,3.0,0.0,0
U002706,3.0,1.0,0
U009914,4.0,0.5,2
U003869,4.333333333333333,0.3333333333333333,1
U002091,2.5,1.0,0
U001285,4.0,0.5,1
U000934,3.0,0.6666666666666666,1
U005944,4.0,0.0,2
U001380,4.0,1.0,2
U002322,4.0,1.0,2
U009848,2.0,0.5,0
U003799,2.5,0.5,0
U008914,3.0,2.0,0
U005510,4.0,1.0,2
U002671,3.6666666666666665,0.6666666666666666,1
U008989,4.0,2.0,2
U002209,3.6666666666666665,0.3333333333333333,1
U004921,5.0,1.0,2
U004634,3.0,1.0,0
U008330,4.0,0.0,2
U000725,3.5,0.75,1
U006383,3.0,1.0,0
U005954,3.0,1.0,0
U008412,5.0,0.0,2
U008084,3.5,0.5,0
U000282,3.5,1.0,0
U006376,4.0,0.0,2
U001558,2.0,0.0,0
U005394,4.5,0.0,2
U006793,2.0,0.0,0
U003917,4.333333333333333,0.3333333333333333,1
U009046,4.0,0.4,1
U006555,4.0,0.0,2
U005520,3.0,0.0,0
U006740,4.5,0.0,2
U002408,2.0,1.0,0
U001620,4.0,0.6666666666666666,1
U000638,4.0,0.3333333333333333,1
U008878,3.0,1.0,0
U003686,2.5,0.5,0
U009571,3.0,1.0,1
U007299,3.6666666666666665,0.0,1
U009110,4.0,1.0,2
U001089,2.0,0.0,0
U007764,5.0,0.0,2
U005985,5.0,0.0,2
U001518,4.0,0.0,2
U001965,4.0,0.0,2
U001727,4.0,0.0,2
U008387,1.0,0.0,0
U008898,4.0,1.0,2
U009985,3.0,0.0,0
U004197,5.0,0.0,2
U005049,2.5,1.0,0
U004662,2.5,1.5,0
U002455,4.0,0.4,1
U008134,3.7777777777777777,0.4444444444444444,1
U002780,4.0,0.0,2
U002149,3.3333333333333335,0.0,1
U004986,4.0,0.0,1
U000297,4.0,2.0,2
U002393,3.6666666666666665,0.6666666666666666,1
U003944,3.5,0.0,1
U006862,4.333333333333333,0.0,1
U004472,5.0,1.0,2
U000563,3.0,0.0,0
U007703,4.0,1.5,2
U005886,4.0,2.0,2
U008276,4.666666666666667,0.0,1
U002471,3.5,0.0,0
U005616,4.0,0.7142857142857143,1
U009171,4.0,1.0,2
U003217,4.0,0.5,2
U002638,3.5,1.25,1
U003106,5.0,0.5,2
U007623,4.5,0.0,2
U004112,3.5,0.25,1
U006916,1.0,0.0,0
U002220,3.0,1.0,0
U001800,4.0,0.0,2
U000352,2.6666666666666665,0.3333333333333333,1
U007738,4.0,0.5,2
U002715,3.0,0.0,0
U009961,2.0,1.0,0
U003148,5.0,1.0,2
U001864,5.0,1.0,2
U004734,2.0,0.0,0
U001605,2.0,1.0,0
U004366,3.5,0.5,0
U008831,2.5,1.0,0
U004392,4.0,1.0,2
U000569,5.0,0.0,2
U006954,4.0,0.0,2
U009025,3.0,0.0,0
U002617,3.0,0.0,0
U005897,1.5,1.0,0
U004679,3.75,0.75,1
U003174,3.0,1.0,0
U009389,2.0,2.0,0
U009411,2.6666666666666665,0.3333333333333333,1
U002703,4.5,0.0,2
U009875,2.5,0.5,0
U007369,2.5,0.5,0
U003633,4.666666666666667,1.3333333333333333,1
U003305,3.0,0.5,0
U004945,3.0,0.3333333333333333,1
U006739,3.0,0.0,0
U000892,4.333333333333333,0.6666666666666666,1
U000542,3.4,0.8,1
U000259,5.0,0.5,2
U006038,4.0,0.4,1
U000412,3.0,1.0,0
U007190,3.75,0.5,1
U002774,4.0,0.0,2
U002758,4.0,1.0,2
U009553,4.0,1.0,2
U008235,4.0,1.0,2
U005242,3.0,0.5,0
U007611,3.6666666666666665,0.3333333333333333,1
U002731,3.0,0.4,1
U003201,4.0,0.0,2
U006218,4.0,1.0,2
U001344,4.0,2.0,2
U003549,3.5,1.5,0
U009924,3.5,0.0,0
U004375,4.2,0.8,1
U003873,2.6666666666666665,1.0,1
U005672,5.0,0.0,2
U005425,3.0,0.0,0
U005466,1.0,0.0,0
U007879,3.0,0.0,0
U002852,5.0,0.0,2
U008036,3.0,0.0,0
U009975,3.0,0.0,0
U009872,3.0,0.0,0
U008046,3.6666666666666665,1.3333333333333333,1
U009978,3.0,2.0,0
U009360,5.0,1.0,2
U006507,4.0,0.0,2
U008832,1.0,1.0,0
U002003,3.0,0.0,0
U001571,3.25,0.75,1
U008741,3.0,0.5,1
U008998,4.25,0.25,1
U005401,3.3333333333333335,0.6666666666666666,1
U004700,3.3333333333333335,0.6666666666666666,1
U006874,3.5,1.0,1
U009034,3.6666666666666665,0.8888888888888888,1
U007598,3.25,0.75,1
U007330,3.0,0.0,0
U004146,3.0,1.0,0
U008807,3.2,0.6,1
U006353,2.5,1.0,0
U003236,4.0,0.25,1
U005023,3.25,0.25,1
U005320,4.0,1.0,2
U008610,3.8,0.6,1
U000659,4.0,0.2,1
U008806,2.8,0.4,1
U000116,3.1666666666666665,0.8333333333333334,1
U003906,3.25,0.75,1
U003544,2.5,0.0,0
U001855,2.5,0.0,0
U000938,4.0,1.0,2
U009688,4.0,0.0,2
U000677,4.0,0.3333333333333333,1
U000273,5.0,0.0,2
U007536,3.6666666666666665,1.0,1
U000621,4.0,0.0,2
U009490,3.0,0.0,0
U005249,2.75,0.0,1
U001606,4.5,0.0,2
U003764,4.0,1.0,2
U005982,3.0,0.0,0
U002580,5.0,1.0,2
U005029,4.0,0.0,2
U005196,3.0,1.0,0
U003727,3.0,0.0,0
U006795,3.2,0.8,1
U004880,5.0,2.0,2
U007302,3.5,0.5,1
U007319,3.25,0.5,1
U002179,4.0,0.0,2
U009792,3.3333333333333335,0.6666666666666666,1
U001872,4.5,0.0,2
U007554,3.625,0.5,1
U001061,2.6666666666666665,0.3333333333333333,1
U005082,3.4,0.8,1
U006045,3.3333333333333335,0.3333333333333333,1
U002633,2.5,0.0,0
U006236,5.0,1.0,2
U002311,2.0,0.0,0
U005894,5.0,0.0,2
U001299,4.0,0.0,2
U009918,3.6666666666666665,0.3333333333333333,1
U006101,3.0,1.0,0
U005135,4.0,0.6666666666666666,1
U004039,4.0,0.0,2
U009150,3.4,0.8,1
U004084,3.5,0.5,0
U004492,3.5,0.0,0
U000127,2.4,0.6,1
U007385,5.0,0.0,2
U006547,3.6666666666666665,0.3333333333333333,1
U005536,3.0,0.0,0
U004957,4.0,0.0,1
U000419,5.0,1.0,2
U004242,4.333333333333333,1.3333333333333333,1
U009587,3.3333333333333335,1.0,1
U004742,2.5,0.0,0
U007788,3.0,0.0,0
U000799,2.0,1.0,0
U003366,4.0,0.0,2
U006200,4.0,1.0,2
U007112,5.0,1.0,2
U008051,4.0,0.0,1
U007086,5.0,0.0,2
U001955,5.0,2.0,2
U001678,2.6,0.4,1
U003717,4.333333333333333,0.6666666666666666,1
U003744,3.4285714285714284,0.7142857142857143,1
U009707,5.0,0.0,2
U002544,3.0,0.5,0
U003348,3.0,0.6666666666666666,1
U004520,4.0,0.75,1
U004989,4.2,0.4,1
U006011,2.5,0.0,0
U000446,4.0,1.0,2
U006170,3.4,0.6,1
U001972,4.333333333333333,0.0,1
U005918,3.5,1.0,0
U002147,2.0,0.0,0
U004612,3.0,0.0,0
U002428,4.0,1.25,1
U006909,2.0,0.0,0
U000082,2.75,0.25,1
U009004,5.0,0.0,2
U003371,5.0,1.0,2
U003756,3.0,0.0,0
U003763,4.0,0.5,2
U002986,5.0,2.0,2
U002469,3.0,0.0,0
U005427,3.5,0.5,0
U005929,4.0,0.3333333333333333,1
U007502,5.0,0.0,2
U009833,3.0,0.0,0
U009215,4.0,0.0,2
U004958,4.0,2.0,2
U006515,3.0,0.5,0
U009789,3.25,0.5,1
U006853,3.6666666666666665,0.3333333333333333,1
U006030,4.5,1.0,2
U001025,3.0,2.0,0
U008033,4.25,1.0,1
U000245,4.666666666666667,0.0,1
U003144,2.0,0.0,0
U006741,3.75,0.0,1
U006768,4.0,0.3333333333333333,1
U004345,3.0,0.0,0
U001622,3.5,0.5,0
U004469,4.0,0.0,2
U001412,4.0,0.0,2
U000056,3.5,1.0,1
U004449,3.0,0.0,0
U009841,4.0,0.0,1
U003377,3.5,0.0,0
U007627,3.3333333333333335,0.3333333333333333,1
U003290,3.5,0.5,0
U002246,4.0,0.0,2
U002664,2.0,0.0,0
U000307,2.6666666666666665,0.6666666666666666,1
U007264,4.333333333333333,0.6666666666666666,1
U006361,4.666666666666667,0.6666666666666666,1
U003084,4.0,2.0,2
U008954,3.0,0.5,1
U005334,4.0,0.5,2
U004672,5.0,0.0,2
U006258,4.0,1.0,2
U003828,4.333333333333333,1.0,1
U002207,1.0,1.0,0
U002045,3.0,0.5,0
U003167,3.6666666666666665,0.3333333333333333,1
U004398,4.0,0.0,2
U002189,3.6666666666666665,0.3333333333333333,1
U008647,3.5,1.0,0
U006950,3.0,0.0,0
U002449,3.0,0.0,0
U002088,3.0,0.0,0
U003344,3.0,1.0,0
U003834,4.0,0.0,2
U007534,4.0,0.5,2
U006007,1.0,0.0,0
U001126,4.0,0.0,2
U009926,3.0,0.0,0
U006985,4.0,0.5,1
U003909,4.0,0.0,1
U006355,3.6666666666666665,0.3333333333333333,1
U008784,4.0,2.0,2
U004757,4.5,1.0,2
U003485,4.5,0.75,1
U006624,3.0,0.4,1
U006191,2.3333333333333335,0.6666666666666666,1
U009889,5.0,2.0,2
U006322,3.5,0.0,0
U000172,3.5,0.0,0
U007723,2.0,0.5,0
U009586,4.0,0.0,2
U007608,4.5,0.5,2
U009873,3.25,1.25,1
U008030,3.0,1.0,0
U005617,3.0,0.5,0
U007697,3.0,0.0,0
U002266,3.5,0.5,0
U001339,3.6666666666666665,0.0,1
U003139,4.0,0.0,2
U001174,2.0,2.0,0
U006105,4.333333333333333,0.3333333333333333,1
U008454,4.0,0.6666666666666666,1
U009520,5.0,0.0,2
U008188,4.0,0.0,2
U008913,4.0,2.0,2
U000939,3.0,0.0,0
U002435,5.0,0.0,2
U006339,4.0,0.6666666666666666,1
U006159,4.25,0.0,1
U007656,4.0,0.6,1
U000974,3.5,0.0,0
U003787,4.0,0.5,2
U003571,4.333333333333333,0.0,1
U007351,3.25,1.25,1
U007915,2.0,0.0,0
U009524,4.0,0.0,2
U007303,2.0,1.0,0
U007685,2.6666666666666665,0.6666666666666666,1
U009621,4.5,0.75,1
U006417,5.0,0.0,2
U007133,4.0,0.6666666666666666,1
U000398,5.0,0.0,2
U008493,3.0,0.0,0
U005411,5.0,0.0,2
U005025,3.3333333333333335,0.6666666666666666,1
U000989,2.5,0.5,0
U003719,4.0,0.0,2
U007849,3.5,0.0,0
U002066,4.0,0.5,2
U000139,4.0,0.6666666666666666,1
U006656,4.0,0.0,2
U005816,3.0,0.0,0
U000549,2.0,1.0,0
U004476,3.0,2.0,0
U006473,4.0,1.0,2
U006578,3.5,0.0,0
U001041,4.5,0.5,2
U004093,2.0,0.0,0
U007146,3.0,0.0,0
U005512,3.0,2.0,0
U006654,2.0,0.0,0
U006000,3.3333333333333335,0.8333333333333334,1
U001218,3.0,0.0,0
U007836,4.25,0.5,1
U009293,3.75,0.25,1
U002162,4.0,0.0,2
U004985,5.0,0.5,2
U000507,4.0,0.5,1
U000144,4.0,0.0,2
U000161,3.0,0.0,0
U006644,4.0,0.0,2
U008537,5.0,2.0,2
U000530,3.0,1.0,0
U009763,3.0,1.0,0
U009620,4.5,0.5,2
U007654,5.0,1.0,2
U001192,4.0,0.5,2
U005415,3.0,0.0,0
U003347,4.5,1.0,1
U001051,5.0,0.0,2
U000615,3.5,1.5,0
U007766,4.0,1.0,2
U006591,2.0,0.0,0
U009910,4.5,0.25,1
U004769,2.75,0.75,1
U008691,4.0,0.2,1
U000754,4.0,0.3333333333333333,1
U007996,4.0,1.0,1
U006423,3.0,0.0,0
U008992,3.8,0.4,1
U002893,1.5,1.0,0
U004390,4.0,1.0,2
U002473,3.2,0.2,1
U002998,4.0,0.0,2
U007434,3.6666666666666665,1.0,1
U008879,4.0,0.0,1
U001911,4.0,1.0,2
U002995,3.0,0.0,1
U008344,3.25,1.25,1
U005731,5.0,2.0,2
U003277,2.6666666666666665,0.0,1
U008254,3.0,1.0,0
U008790,4.0,0.0,2
U004538,3.0,1.0,0
U003239,2.5,0.5,0
U002928,4.0,1.5,2
U001419,4.0,0.6666666666666666,1
U007781,4.0,2.0,2
U002661,4.0,0.0,2
U001128,2.0,0.0,0
U001386,4.0,0.0,2
U005233,2.0,0.5,0
U008399,3.75,0.75,1
U007419,2.6666666666666665,0.0,1
U005155,3.75,0.25,1
U003349,3.5,0.5,1
U002227,2.75,0.75,1
U008079,2.6666666666666665,0.3333333333333333,1
U000034,3.75,0.0,1
U007430,4.0,0.5,1
U007663,4.0,0.5,1
U000112,3.5,0.0,0
U007488,3.6666666666666665,1.0,1
U003867,4.666666666666667,0.0,1
U002171,3.5,0.0,1
U000378,4.0,1.0,2
U000815,3.25,0.75,1
U007083,3.0,1.0,0
U006325,2.0,0.0,0
U008797,2.5,0.5,0
U002815,3.0,0.0,0
U008467,3.6666666666666665,0.6666666666666666,1
U003855,4.0,0.0,2
U004289,3.0,0.5,0
U000357,5.0,0.0,2
U005403,4.5,1.0,2
U001658,4.5,0.5,1
U007098,3.5,0.5,0
U003729,4.0,0.0,2
U009483,3.0,0.0,0
U004792,3.0,0.0,0
U007168,4.0,1.0,2
U001858,4.0,1.0,2
U004534,2.5,0.5,0
U005571,3.0,0.0,0
U005445,3.3333333333333335,0.0,1
U000998,4.25,0.5,1
U003885,5.0,0.0,2
U006124,3.4,0.6,1
U009583,3.6,0.6,1
U007015,3.0,1.0,0
U008787,2.0,0.0,0
U006562,3.6666666666666665,0.3333333333333333,1
U003928,3.3333333333333335,1.0,1
U007311,3.0,0.5,0
U000067,5.0,1.0,2
U003576,3.25,0.25,1
U006250,5.0,0.0,2
U001953,3.6,0.8,1
U008930,4.666666666666667,0.6666666666666666,1
U004179,3.5,0.0,0
U006153,3.0,0.0,0
U005925,4.0,0.0,2
U009809,4.25,0.25,1
U008120,3.6666666666666665,0.3333333333333333,1
U003273,3.6666666666666665,0.3333333333333333,1
U004263,4.0,1.0,2
U005372,5.0,1.0,2
U008857,2.0,1.5,0
U000770,3.0,0.0,0
U004028,5.0,0.0,2
U006857,3.3333333333333335,0.6666666666666666,1
U000722,4.0,1.0,2
U006665,3.5,1.0,0
U001060,4.0,0.0,2
U001861,3.0,0.0,0
U005046,3.0,0.0,0
U004451,5.0,1.0,2
U006517,4.0,2.0,2
U006001,4.0,0.0,2
U006287,3.5,0.0,0
U007561,3.4,0.2,1
U002175,3.6666666666666665,1.6666666666666667,1
U001997,4.4,0.4,1
U005151,2.75,0.25,1
U006744,3.0,0.2,1
U000953,3.25,0.0,1
U003105,3.3333333333333335,1.3333333333333333,1
U008368,5.0,0.0,2
U004220,4.0,0.0,2
U004928,3.7142857142857144,0.42857142857142855,1
U004210,4.0,2.0,2
U005646,3.5,0.0,0
U001920,3.6666666666666665,1.0,1
U004290,3.0,0.0,0
U002718,4.0,0.0,2
U002851,4.0,0.3333333333333333,1
U007558,2.6666666666666665,0.6666666666666666,1
U004372,3.0,0.0,0
U003055,2.75,0.0,1
U005943,1.0,1.0,0
U009747,2.0,0.0,0
U004098,2.6666666666666665,1.0,1
U002129,2.5,0.0,0
U003781,5.0,0.0,2
U008600,3.0,1.5,0
U004685,3.0,1.0,0
U005241,5.0,0.0,2
U004687,2.5,0.75,1
U000078,3.2857142857142856,0.7142857142857143,1
U003325,3.0,0.0,0
U008722,2.3333333333333335,0.6666666666666666,1
U001594,3.0,1.0,0
U002053,3.142857142857143,0.14285714285714285,1
U002299,2.5,1.0,0
U000826,3.6666666666666665,0.3333333333333333,1
U004841,3.0,0.0,0
U004594,4.0,0.25,1
U006195,4.0,1.0,2
U007793,5.0,2.0,2
U003373,4.0,0.0,2
U004566,4.0,1.5,2
U002183,4.0,0.0,2
U002768,3.6666666666666665,0.16666666666666666,1
U007363,2.0,1.0,0
U008018,3.0,0.3333333333333333,1
U006510,4.0,2.0,2
U008392,2.6666666666666665,0.3333333333333333,1
U003088,4.0,0.0,1
U003658,4.0,0.0,2
U004334,4.5,1.0,2
U001402,5.0,0.0,2
U008027,4.5,0.0,2
U007054,3.0,0.5,0
U005837,3.0,0.0,0
U000633,4.5,0.5,2
U001699,2.0,0.0,0
U007510,4.0,0.0,2
U006478,2.0,2.0,0
U005353,5.0,1.0,2
U000732,5.0,0.0,2
U000949,5.0,0.0,2
U007619,4.0,0.75,1
U003209,3.5,1.25,1
U006362,2.0,0.0,0
U004373,4.0,2.0,2
U007254,3.5,0.25,1
U008422,2.75,0.0,1
U006067,4.2,1.0,1
U008572,3.5,0.5,0
U009594,5.0,0.0,2
U002195,4.333333333333333,0.6666666666666666,1
U004315,3.0,1.5,0
U003259,4.5,0.5,2
U003362,4.0,1.0,2
U008827,3.75,0.25,1
U006711,5.0,0.0,2
U007604,3.0,0.0,0
U006892,4.5,0.5,2
U005909,2.0,0.0,0
U001655,4.0,0.5,2
U000869,2.0,1.0,0
U004394,4.0,0.0,2
U003499,2.0,0.0,0
U009713,4.0,0.0,2
U004108,2.6666666666666665,0.0,1
U009902,3.6666666666666665,1.3333333333333333,1
U007306,4.5,1.0,2
U005060,2.75,1.0,1
U009291,3.2,0.8,1
U000269,3.5,1.0,0
U007890,3.25,0.5,1
U005524,3.0,0.0,0
U001415,5.0,2.0,2
U005625,4.5,0.5,2
U003075,3.5,0.75,1
U009047,4.0,0.5,2
U004661,3.7142857142857144,0.14285714285714285,1
U003432,3.0,0.0,0
U003882,3.0,0.3333333333333333,1
U006915,4.0,0.5,1
U006167,3.25,0.25,1
U002477,4.0,0.0,2
U009399,4.75,0.0,1
U002817,3.5,1.0,0
U005764,3.0,0.5,0
U009018,3.0,0.2,1
U006682,3.0,0.0,0
U009113,4.5,0.5,2
U002190,4.0,1.0,2
U009345,4.333333333333333,0.3333333333333333,1
U003534,2.0,1.0,0
U009830,2.5,0.0,0
U003310,3.0,0.0,0
U004380,5.0,1.0,2
U004872,5.0,0.0,2
U008580,4.0,1.0,2
U006584,3.0,0.0,0
U007084,4.0,1.0,2
U006652,5.0,0.0,2
U002472,5.0,0.0,2
U006859,2.0,1.0,0
U003670,2.0,1.0,0
U008694,3.25,0.0,1
U003302,3.0,0.5,0
U009678,3.0,0.4,1
U001321,3.6666666666666665,0.6666666666666666,1
U009054,4.0,0.25,1
U007307,5.0,0.0,2
U002203,3.6666666666666665,0.0,1
U000322,4.0,0.75,1
U004128,1.0,0.0,0
U001337,4.25,0.5,1
U004466,5.0,1.0,2
U000488,4.0,1.0,2
U007566,3.5,0.5,1
U004201,3.3333333333333335,0.6666666666666666,1
U005354,3.0,2.0,0
U000511,3.75,0.75,1
U001283,4.5,0.5,2
U000193,4.0,0.5,2
U009056,3.5,1.0,0
U005238,4.0,1.0,2
U007743,3.0,0.3333333333333333,1
U000140,4.0,0.0,2
U005732,4.0,0.0,2
U009127,1.5,0.0,0
U004049,5.0,0.0,2
U000464,3.5,0.0,0
U005658,4.0,0.0,2
U007971,4.5,0.0,2
U004861,3.5,1.0,0
U000785,2.0,0.0,0
U008342,5.0,0.0,2
U008994,3.0,1.0,0
U001163,4.0,0.5,2
U008897,5.0,1.0,2
U003988,5.0,0.0,2
U000201,4.0,1.0,2
U003335,4.0,1.0,2
U004947,4.0,1.0,2
U009177,4.0,0.0,2
U008682,4.666666666666667,0.6666666666666666,1
U001146,3.0,1.0,0
U009188,2.5,0.5,0
U007270,3.3333333333333335,1.0,1
U000017,4.0,1.0,2
U005907,3.6666666666666665,0.0,1
U005497,3.0,0.5,0
U009722,4.0,0.5,2
U007245,4.333333333333333,0.0,1
U008237,4.0,2.0,2
U001788,3.25,0.5,1
U004397,3.6666666666666665,0.3333333333333333,1
U000571,3.5,0.0,0
U008663,4.0,0.0,2
U003606,3.3333333333333335,0.3333333333333333,1
U004244,4.0,0.0,2
U008357,2.5,0.0,0
U000271,3.6666666666666665,0.0,1
U007407,5.0,0.0,2
U003553,5.0,0.0,2
U005500,4.333333333333333,0.6666666666666666,1
U002721,3.0,1.0,0
U001816,3.0,0.6666666666666666,1
U007628,3.0,0.3333333333333333,1
U005157,2.5,0.5,0
U001903,4.0,0.0,2
U006270,2.0,2.0,0
U008960,3.0,0.0,0
U009623,2.0,1.0,0
U003243,2.5,0.25,1
U001670,3.6666666666666665,0.3333333333333333,1
U002853,4.0,0.0,1
U003161,3.5,0.0,0
U002381,4.0,1.0,1
U005637,4.5,1.5,2
U001144,3.8,0.2,1
U002222,4.25,0.5,1
U008642,3.0,0.5,0
U006962,4.0,1.0,1
U005557,4.666666666666667,0.6666666666666666,1
U004164,4.0,0.0,2
U003506,3.0,0.5,0
U002461,3.6,0.8,1
U004379,3.75,0.0,1
U001119,4.0,0.0,2
U000327,2.5,0.0,0
U004999,3.6,0.4,1
U004606,4.0,1.5,2
U003130,3.6666666666666665,0.3333333333333333,1
U006824,4.0,2.0,2
U000610,3.4,0.4,1
U006576,4.5,0.0,2
U002269,4.0,0.0,2
U001782,2.6666666666666665,1.3333333333333333,1
U008193,3.0,1.0,0
U005041,3.0,1.0,0
U005306,2.6666666666666665,0.3333333333333333,1
U005506,3.0,0.0,0
U000698,3.3333333333333335,0.16666666666666666,1
U006162,4.0,0.0,2
U001015,4.0,1.0,2
U005654,4.0,0.0,2
U002726,4.0,1.0,2
U004752,3.0,0.0,0
U007095,3.0,1.0,0
U007023,3.0,0.0,0
U006410,3.0,0.0,0
U000392,5.0,1.0,2
U009634,4.0,0.0,2
U006081,4.0,1.0,2
U006615,2.0,0.0,0
U009238,4.333333333333333,0.0,1
U005160,3.0,0.0,1
U007427,3.75,0.75,1
U009778,3.6666666666666665,0.6666666666666666,1
U000035,3.625,0.25,1
U009250,2.6666666666666665,0.0,1
U003647,3.25,0.5,1
U004051,4.75,0.25,1
U003136,3.25,0.75,1
U003188,3.5,0.0,0
U002223,3.6,0.0,1
U005381,2.3333333333333335,0.6666666666666666,1
U008564,2.0,2.0,0
U006034,3.0,1.0,0
U007433,4.5,0.5,2
U003892,3.5,0.0,0
U009543,3.3333333333333335,0.0,1
U005085,3.0,0.0,0
U006754,4.0,1.0,1
U002762,4.0,0.0,2
U006680,3.6666666666666665,0.6666666666666666,1
U003622,2.0,0.5,0
U006261,3.0,0.0,0
U000077,3.0,0.0,0
U000469,2.0,1.0,0
U009863,5.0,0.0,2
U006122,4.0,0.0,2
U000825,4.0,0.5,2
U003780,3.0,0.0,0
U002513,5.0,0.0,2
U003292,4.0,0.5,2
U004253,3.6666666666666665,0.3333333333333333,1
U003560,4.0,1.0,2
U009169,5.0,0.0,2
U008709,3.0,0.0,0
U000411,3.6666666666666665,0.3333333333333333,1
U003480,4.5,0.75,1
U005932,5.0,0.5,2
U003562,3.0,0.8,1
U002858,4.25,0.25,1
U009425,5.0,0.0,2
U007233,4.5,0.0,2
U005431,4.0,0.5,1
U009055,4.0,0.0,2
U004025,3.75,0.0,1
U001588,3.6666666666666665,0.6666666666666666,1
U008087,5.0,2.0,2
U008941,4.0,0.5,2
U006100,3.25,0.75,1
U007383,3.6666666666666665,0.0,1
U001165,3.3333333333333335,0.0,1
U008167,4.0,0.0,2
U008304,2.0,0.0,0
U002273,1.5,1.0,0
U009303,3.0,0.0,0
U002962,2.3333333333333335,0.3333333333333333,1
U003010,5.0,0.0,2
U003345,3.0,1.0,0
U004070,3.0,0.0,0
U000553,4.0,0.75,1
U004885,3.0,0.0,1
U001215,2.0,0.0,0
U005234,5.0,1.0,2
U001497,4.0,0.0,2
U009447,3.0,0.0,0
U007148,3.0,0.5,0
U002788,3.0,0.4,1
U000701,3.3333333333333335,1.0,1
U000641,2.0,0.0,0
U006054,3.0,1.0,0
U006848,5.0,0.0,2
U000484,4.0,1.0,1
U005572,2.5,0.0,0
U002824,2.6666666666666665,1.0,1
U007835,4.0,1.6666666666666667,1
U000606,3.5,0.3333333333333333,1
U008538,2.5,0.0,0
U004593,2.3333333333333335,0.3333333333333333,1
U002133,3.8,0.2,1
U005961,4.333333333333333,0.3333333333333333,1
U003079,2.6,1.0,1
U000073,2.0,0.0,0
U004479,2.75,1.0,1
U001059,3.0,0.5,0
U000353,4.6,1.0,1
U009290,5.0,0.0,2
U001008,4.333333333333333,0.6666666666666666,1
U004471,4.0,1.0,2
U007116,4.0,1.0,1
U006549,4.0,0.0,2
U001326,3.0,1.0,0
U002614,3.0,0.0,0
U002123,3.5,0.5,0
U002523,5.0,0.0,2
U006947,4.0,1.0,2
U000861,4.5,0.0,2
U006501,5.0,0.0,2
U006614,5.0,0.0,2
U002651,3.0,0.6,1
U004926,4.5,0.0,2
U009225,4.0,1.0,2
U008378,2.0,0.0,0
U008536,4.0,1.0,2
U000179,2.0,0.0,0
U002771,4.0,1.0,2
U002966,1.0,2.0,0
U005505,3.0,0.25,1
U000795,3.4,0.0,1
U003868,3.0,0.0,1
U003383,3.5,1.0,0
U006806,4.0,0.4,1
U001048,4.0,0.75,1
U000907,3.5,0.0,0
U003718,4.25,0.5,1
U007316,3.8,0.4,1
U000897,3.6,1.0,1
U008305,3.0,2.0,0
U007806,2.5,0.5,0
U003384,3.5,1.0,1
U003196,3.0,0.0,0
U002693,3.6666666666666665,1.0,1
U003525,4.0,0.5,2
U009947,3.5,0.5,0
U008269,2.6666666666666665,0.6666666666666666,1
U002552,2.0,0.5,0
U006309,2.3333333333333335,0.6666666666666666,1
U003715,3.5,1.0,0
U003242,2.0,0.0,0
U000143,5.0,0.0,2
U002709,4.0,2.0,2
U007428,2.0,0.0,0
U005688,2.0,0.0,0
U002125,3.4,0.2,1
U005175,3.0,0.0,0
U000072,3.0,0.0,0
U002022,5.0,0.0,2
U000373,3.0,0.3333333333333333,1
U006026,4.5,0.5,2
U006461,3.0,2.0,0
U002278,3.0,2.0,0
U006960,3.0,0.0,0
U008301,3.0,1.5,0
U005776,2.0,0.0,0
U007019,3.0,1.0,0
U000933,2.0,1.0,0
U007053,3.0,0.0,0
U004962,4.0,0.0,2
U005860,2.0,0.0,0
U005827,4.0,0.25,1
U007425,4.5,0.0,2
U004008,3.2,0.2,1
U001562,3.5,1.0,0
U008988,3.6666666666666665,0.0,1
U000104,3.3333333333333335,0.6666666666666666,1
U000568,5.0,1.0,2
U008517,4.333333333333333,0.3333333333333333,1
U005107,5.0,0.0,2
U005892,3.3333333333333335,0.3333333333333333,1
U004655,3.0,0.0,0
U001170,2.0,1.0,1
U001703,3.2,0.4,1
U009476,4.0,0.3333333333333333,1
U006237,4.0,0.5,2
U003690,3.5,0.5,0
U006110,3.6666666666666665,0.6666666666666666,1
U003498,3.6666666666666665,0.6666666666666666,1
U008395,4.0,1.0,2
U007222,2.0,1.0,0
U002362,4.0,0.5,2
U000854,4.0,2.0,2
U003111,3.0,0.0,1
U005763,3.0,1.5,0
U001925,3.0,0.0,0
U005851,2.0,0.0,0
U000743,3.0,0.0,0
U000445,3.0,1.0,0
U004382,2.0,1.0,0
U006155,5.0,0.0,2
U005698,3.0,0.5,0
U007436,3.0,0.0,0
U008471,3.6,0.2,1
U003672,3.0,2.0,0
U004488,5.0,2.0,2
U000006,3.3333333333333335,0.6666666666666666,1
U004839,3.5,0.75,1
U008534,3.5,1.25,1
U008038,5.0,0.0,2
U006477,4.5,0.75,1
U006610,4.333333333333333,1.0,1
U000524,3.4,0.2,1
U003120,3.3333333333333335,0.0,1
U005150,3.75,0.75,1
U000943,4.25,0.5,1
U008771,3.25,0.625,1
U008685,3.5,1.0,0
U003700,4.5,0.5,2
U005001,3.0,1.0,0
U005109,3.5,0.5,1
U008683,2.5,0.5,0
U008019,4.0,0.5,2
U008353,4.0,1.5,2
U005369,4.2,0.6,1
U002237,3.0,0.0,0
U002344,3.0,0.0,1
U009615,3.5,0.0,0
U004941,3.3333333333333335,1.0,1
U002052,3.0,0.0,1
U009103,4.0,1.0,2
U000829,4.0,0.5,2
U000745,1.5,0.5,0
U007749,5.0,2.0,2
U001247,2.5,0.5,0
U007607,5.0,1.0,2
U006391,5.0,0.0,2
U001058,3.0,0.0,0
U002707,3.5,0.75,1
U007615,4.0,0.0,2
U009557,3.4,0.6,1
U006516,5.0,0.0,2
U004526,3.0,1.0,0
U008124,4.0,0.5,1
U003147,4.0,0.3333333333333333,1
U005540,3.3333333333333335,0.3333333333333333,1
U002102,2.8,0.4,1
U002178,3.5,0.25,1
U009940,4.0,0.0,2
U005039,3.5,0.5,0
U002549,3.5,0.0,0
U000518,4.5,0.0,1
U008299,4.5,0.5,2
U008543,2.6666666666666665,0.3333333333333333,1
U007649,3.5,0.75,1
U001411,5.0,0.0,2
U000656,2.5,1.0,0
U004391,4.5,0.0,2
U002431,3.3333333333333335,0.6666666666666666,1
U006071,3.0,0.0,0
U006064,4.0,0.0,2
U006089,5.0,0.0,2
U000125,3.5,0.0,0
U006570,3.0,0.0,0
U009572,3.0,0.0,0
U004331,4.0,0.0,2
U001104,3.0,1.0,0
U006365,3.6666666666666665,0.0,1
U009866,3.8,0.2,1
U008854,3.75,0.75,1
U006380,4.0,0.6666666666666666,1
U006743,3.6666666666666665,0.3333333333333333,1
U008060,4.5,0.5,2
U009837,4.0,0.0,2
U003459,3.0,1.25,1
U009525,3.5714285714285716,0.42857142857142855,1
U008243,2.0,0.0,0
U000321,2.6666666666666665,0.6666666666666666,1
U000978,4.0,1.0,1
U008559,3.0,0.0,0
U003502,3.0,0.5,0
U000627,3.0,1.0,0
U001579,2.0,2.0,0
U003816,3.3333333333333335,0.0,1
U009714,5.0,1.0,2
U005965,3.0,0.5,1
U004810,4.0,0.0,2
U008103,3.0,0.0,0
U003228,4.5,1.0,2
U001083,3.0,1.0,0
U009891,2.0,1.0,0
U007872,3.3333333333333335,0.6666666666666666,1
U000821,4.333333333333333,0.3333333333333333,1
U009315,5.0,2.0,2
U001000,5.0,0.0,2
U003374,4.0,1.5,2
U002419,5.0,0.0,2
U004087,4.0,0.0,2
U002186,5.0,0.0,2
U000027,4.0,0.0,2
U003921,2.0,0.0,0
U000263,2.3333333333333335,0.0,1
U006486,3.0,1.0,0
U004790,4.5,1.5,2
U000839,4.0,0.0,2
U000272,3.0,0.5,1
U008823,3.6666666666666665,0.0,1
U009746,2.8,0.4,1
U008716,4.0,0.5,2
U005518,2.0,0.0,0
U006160,3.0,0.0,0
U006500,3.0,0.5,0
U004323,2.0,1.0,0
U004669,4.0,1.0,2
U002018,2.0,0.0,0
U000620,2.0,0.0,0
U009281,4.5,0.5,2
U000929,2.5,0.5,0
U008776,4.0,0.0,2
U001401,5.0,1.0,2
U000728,5.0,0.0,2
U004032,4.0,1.0,1
U009694,4.0,0.0,2
U003950,4.5,1.0,2
U004988,2.5,0.25,1
U007863,4.0,1.5,2
U003618,4.0,0.0,2
U005858,3.5,0.0,0
U008029,3.0,0.0,0
U001849,3.0,0.0,0
U009487,2.0,1.0,0
U009348,3.5,0.5,0
U001565,3.0,0.5,1
U008883,3.0,0.0,0
U008308,5.0,0.0,2
U006698,3.25,1.0,1
U002588,4.0,0.0,2
U009643,3.0,0.4,1
U003288,3.5,0.5,0
U003487,3.5,0.5,0
U001792,4.2,0.2,1
U003786,2.3333333333333335,0.0,1
U008928,3.3333333333333335,0.0,1
U002002,4.166666666666667,0.5,1
U005652,4.0,1.0,2
U002867,3.6666666666666665,0.3333333333333333,1
U004350,2.5,0.5,0
U008581,4.333333333333333,1.0,1
U002055,4.0,0.3333333333333333,1
U010000,3.0,2.0,0
U008742,3.0,0.6666666666666666,1
U001466,5.0,1.0,2
U006023,4.0,0.0,2
U006009,2.0,1.0,0
U003109,3.0,0.0,1
U008439,4.25,0.75,1
U004676,2.0,0.0,0
U001651,3.0,0.0,0
U007805,4.0,2.0,2
U005232,3.0,1.0,0
U001409,4.0,1.0,2
U009283,3.0,2.0,0
U003489,4.0,0.0,2
U001614,5.0,1.0,2
U003496,3.25,0.75,1
U005253,4.0,0.0,2
U009087,2.0,1.0,0
U004677,3.5,1.0,0
U008617,2.0,0.0,0
U008369,5.0,0.5,2
U007938,2.0,0.0,0
U003089,4.0,0.0,2
U007288,4.0,0.75,1
U000158,3.5,1.0,0
U006008,1.0,1.0,0
U000835,2.0,1.0,0
U007395,4.0,0.5,2
U003119,4.0,0.25,1
U000923,3.6,0.6,1
U003914,3.0,0.6666666666666666,1
U002512,3.0,1.0,0
U000985,3.5,1.0,1
U008626,3.0,0.0,0
U001825,4.5,0.0,2
U005296,4.0,0.0,2
U005395,3.0,0.0,0
U007326,4.0,0.0,2
U002585,3.0,0.0,0
U009676,4.0,0.0,2
U008726,3.0,2.0,0
U006238,5.0,0.0,2
U009063,3.0,0.0,0
U006485,5.0,1.0,2
U000952,4.0,0.5,2
U007308,3.5,0.5,0
U008499,3.6666666666666665,0.0,1
U009096,5.0,1.0,2
U000806,4.0,0.0,2
U000991,3.0,0.5,0
U001552,4.0,2.0,2
U004645,3.0,2.0,0
U004454,4.0,0.0,2
U009373,5.0,1.0,2
U000493,5.0,1.0,2
U008062,4.0,0.0,2
U003565,3.6,0.4,1
U000106,3.0,0.0,0
U004385,5.0,1.0,2
U001654,4.5,1.0,2
U000640,3.6,0.6,1
U002181,3.3333333333333335,0.3333333333333333,1
U003615,3.5,1.0,1
U003314,4.333333333333333,0.0,1
U006297,3.0,0.0,0
U005209,4.0,0.25,1
U004118,4.0,0.3333333333333333,1
U003451,2.0,0.0,0
U006341,3.5,1.0,0
U009108,3.6666666666666665,0.3333333333333333,1
U004760,4.0,0.5,2
U004550,3.6,0.8,1
U004599,2.5,0.0,0
U007221,4.5,1.0,2
U003735,3.75,1.0,1
U003779,3.0,1.0,0
U007056,3.0,0.5,0
U001521,4.5,1.0,2
U003081,4.0,0.0,2
U006382,5.0,0.0,2
U002373,5.0,0.0,2
U001355,4.0,1.0,2
U007642,4.0,0.0,2
U008178,5.0,0.0,2
U007279,3.0,0.0,0
U009336,3.0,1.0,0
U008712,2.5,0.0,0
U005748,4.0,1.0,2
U009563,4.0,0.6666666666666666,1
U007325,4.0,0.75,1
U009653,3.0,0.75,1
U005848,4.666666666666667,0.0,1
U000772,4.0,0.0,1
U002950,3.0,0.0,1
U006137,3.5,0.5,0
U003770,3.0,0.5,1
U004871,5.0,0.0,2
U008409,2.75,0.0,1
U001301,2.0,0.5,0
U007328,4.0,0.0,2
U009465,3.5,0.0,1
U009935,3.0,1.0,1
U000389,4.0,1.5,2
U001272,3.5,1.0,0
U006448,4.0,1.5,2
U002107,3.0,0.0,0
U008952,4.0,1.5,2
U001935,3.6666666666666665,0.6666666666666666,1
U005635,2.5,0.5,0
U002665,3.0,1.5,0
U009062,4.333333333333333,0.3333333333333333,1
U007003,3.0,0.0,0
U000248,5.0,0.0,2
U008750,3.6666666666666665,0.0,1
U008286,5.0,0.0,2
U002838,4.0,0.0,2
U005783,5.0,0.0,2
U000612,3.5,0.25,1
U000487,4.5,0.0,2
U004001,4.5,0.5,2
U006672,3.0,0.0,0
U007391,4.666666666666667,0.0,1
U002961,3.75,0.75,1
U001743,4.0,1.0,2
U000013,3.0,0.5,0
U006427,3.0,0.0,0
U004042,3.5,0.0,0
U003210,3.0,0.5,1
U007051,4.0,2.0,2
U000935,3.0,0.0,0
U009247,3.3333333333333335,0.0,1
U001471,3.0,0.0,0
U000866,2.0,0.0,0
U003269,4.0,0.6666666666666666,1
U003540,2.0,1.0,0
U006809,4.0,1.0,2
U002378,4.0,1.0,2
U003752,3.0,0.0,0
U002008,3.0,0.0,0
U004169,5.0,0.0,2
U003404,3.5,0.5,1
U009772,5.0,2.0,2
U006808,4.0,0.5,2
U003252,1.0,1.0,0
U000215,4.0,1.0,2
U003512,3.0,0.0,0
U008915,4.0,0.0,1
U008205,4.0,2.0,2
U008059,5.0,0.0,2
U004319,3.0,0.5,0
U005132,4.0,0.0,2
U003986,5.0,0.0,2
U007804,5.0,1.0,2
U008971,3.0,0.5,0
U005484,4.0,2.0,2
U007508,4.0,0.6666666666666666,1
U002499,4.25,0.5,1
U006018,3.5,1.0,0
U005631,4.0,0.25,1
U002910,4.25,0.25,1
U007525,4.0,0.6666666666666666,1
U009613,4.5,0.5,2
U002803,4.0,0.0,2
U003968,5.0,1.0,1
U008763,3.75,0.5,1
U003455,4.0,1.0,1
U002374,4.333333333333333,0.0,1
U002376,4.0,0.0,2
U000566,3.0,1.0,0
U002958,2.6666666666666665,0.6666666666666666,1
U008131,4.0,1.0,1
U001666,4.0,0.3333333333333333,1
U003805,4.0,1.0,2
U009448,4.0,0.4,1
U001148,3.0,0.0,0
U004371,5.0,0.0,2
U000147,2.5,0.0,0
U008272,3.0,0.0,0
U000918,3.0,0.25,1
U008438,3.0,1.0,0
U000199,3.0,1.0,0
U000616,3.0,2.0,0
U006324,2.5,1.0,0
U007778,3.5,0.5,0
U003538,1.0,0.0,0
U001863,2.0,0.5,0
U007521,5.0,0.0,2
U007842,4.0,0.0,2
U005656,1.0,2.0,0
U005544,4.0,0.0,2
U001035,5.0,0.0,2
U009218,4.0,0.0,2
U007771,5.0,2.0,2
U003394,3.4,0.2,1
U001994,4.0,2.0,2
U005584,3.0,0.0,1
U008014,4.0,0.5,2
U007005,3.6666666666666665,0.0,1
U000846,3.0,0.4,1
U008548,3.0,0.0,0
U003082,3.3333333333333335,1.0,1
U002506,5.0,2.0,2
U006206,3.75,0.75,1
U001956,3.6666666666666665,0.3333333333333333,1
U009440,3.25,0.75,1
U007815,3.8,0.6,1
U007455,3.0,1.0,0
U005893,4.0,0.0,2
U009738,4.0,0.0,2
U009198,5.0,0.0,2
U008462,4.0,0.3333333333333333,1
U009109,2.5,1.0,0
U008565,3.75,0.25,1
U003247,4.0,0.0,2
U006979,4.5,1.0,2
U003546,4.0,0.0,2
U007839,1.0,0.0,0
U000944,2.0,2.0,0
U003146,2.0,0.0,0
U006598,4.0,2.0,2
U001619,5.0,2.0,2
U000379,5.0,1.0,2
U007435,2.6666666666666665,0.0,1
U003653,4.0,0.0,2
U006620,3.5,1.0,0
U001224,3.0,0.0,1
U000071,2.5,0.5,0
U002542,3.0,0.5,0
U004400,4.5,1.5,2
U006333,4.0,0.3333333333333333,1
U008638,3.0,0.0,1
U001841,5.0,1.0,2
U003019,3.4,0.4,1
U003358,3.0,0.6666666666666666,1
U009637,4.666666666666667,0.0,1
U004332,5.0,0.5,2
U006984,5.0,1.0,2
U005016,3.6666666666666665,0.6666666666666666,1
U004221,4.0,0.3333333333333333,1
U002668,4.333333333333333,0.6666666666666666,1
U000335,3.3333333333333335,1.3333333333333333,1
U002646,4.2,0.2,1
U004778,4.5,1.0,2
U002754,4.125,0.875,1
U001317,3.25,0.25,1
U003543,5.0,2.0,2
U008549,5.0,0.0,2
U008259,4.0,0.0,2
U000084,3.75,0.25,1
U003523,4.0,1.0,2
U009802,3.5,0.0,0
U003908,4.0,2.0,2
U004886,3.0,0.0,0
U003613,5.0,0.0,2
U003846,3.75,1.0,1
U007901,3.4,0.8,1
U004838,5.0,1.0,2
U002493,3.0,0.0,0
U003545,4.0,0.0,2
U006336,3.0,1.0,0
U003691,5.0,1.0,2
U003488,4.0,1.0,2
U001209,3.0,1.0,0
U004597,2.0,0.0,0
U009531,4.5,0.0,2
U009367,4.0,0.0,2
U008356,3.5,0.25,1
U002465,4.25,0.5,1
U003610,3.4,0.4,1
U007125,3.3333333333333335,0.6666666666666666,1
U000425,4.0,0.0,2
U003275,2.75,0.25,1
U009456,4.0,0.5,2
U005496,4.333333333333333,0.0,1
U009179,4.166666666666667,0.16666666666666666,1
U005482,3.5,0.5,0
U005577,3.5,0.8333333333333334,1
U004017,2.8333333333333335,0.6666666666666666,1
U004846,3.6666666666666665,0.6666666666666666,1
U002522,4.0,0.0,2
U002352,3.2,0.4,1
U001643,4.0,0.0,2
U006133,4.666666666666667,0.6666666666666666,1
U005385,4.0,0.6666666666666666,1
U006641,4.0,0.3333333333333333,1
U008758,3.8,0.6,1
U002906,3.0,1.0,0
U004689,3.0,2.0,0
U001439,3.0,1.0,0
U000064,3.5,1.0,0
U005810,3.5,1.5,0
U006469,3.3333333333333335,0.3333333333333333,1
U001648,3.3333333333333335,0.3333333333333333,1
U008204,4.0,0.5,2
U000914,3.0,1.0,0
U007568,4.333333333333333,0.6666666666666666,1
U002613,2.5,1.5,0
U009665,4.0,0.0,2
U001610,3.0,0.0,0
U009230,3.0,0.0,0
U005181,3.0,0.0,0
U000320,2.0,1.0,0
U004950,3.0,1.0,0
U008489,3.8,0.2,1
U004633,3.0,0.0,0
U005949,3.0,1.0,0
U002826,4.5,1.25,1
U007898,3.0,0.0,0
U008650,5.0,0.0,2
U003554,4.0,0.8571428571428571,1
U005641,2.5,0.0,0
U003408,3.0,1.5,0
U004499,2.6666666666666665,1.3333333333333333,1
U004062,2.3333333333333335,0.3333333333333333,1
U006951,5.0,0.0,2
U002970,2.5,0.5,0
U007783,4.0,0.5,2
U009393,3.3333333333333335,1.0,1
U005779,3.0,0.0,0
U009369,4.0,0.4,1
U001580,5.0,0.0,2
U005697,3.5,0.5,0
U004759,3.2,0.6,1
U003204,3.0,0.0,0
U008786,3.0,0.0,0
U004975,3.0,2.0,0
U000153,4.333333333333333,0.0,1
U003733,3.0,0.0,0
U002594,4.0,1.0,2
U005362,3.0,1.0,0
U003821,3.5,0.0,0
U005618,4.0,0.6666666666666666,1
U005669,3.5,1.0,0
U004073,4.0,1.0,2
U006773,4.0,0.0,2
U004772,3.6,0.4,1
U002782,5.0,0.0,2
U009584,4.0,1.0,2
U004530,3.4285714285714284,0.5714285714285714,1
U005481,4.0,0.75,1
U009673,3.3333333333333335,0.3333333333333333,1
U002026,4.0,0.0,2
U000533,5.0,0.0,2
U000255,3.5,0.0,0
U004714,4.0,0.0,2
U008652,4.5,1.0,2
U005499,3.5,0.5,1
U007852,4.0,0.5,2
U006230,3.25,0.5,1
U001196,2.6666666666666665,0.3333333333333333,1
U002034,3.5,0.5,1
U001133,4.25,0.25,1
U006032,2.0,0.0,0
U009829,3.0,1.0,0
U005389,3.0,0.0,0
U003004,2.3333333333333335,0.6666666666666666,1
U002450,3.0,0.0,0
U007456,4.0,0.3333333333333333,1
U001032,4.0,0.0,2
U003818,4.0,0.5,2
U004155,4.0,0.0,2
U003365,4.0,0.0,1
U001786,3.0,0.0,0
U007666,3.0,0.0,0
U000076,2.0,1.0,0
U006771,3.5,0.0,0
U000051,2.0,1.0,0
U005042,3.0,0.0,0
U004311,4.0,0.0,2
U001734,4.5,0.0,2
U006759,2.0,1.0,0
U003195,3.0,0.0,0
U000624,4.0,0.0,2
U006621,1.0,0.0,0
U001761,3.0,1.0,0
U000801,3.25,1.25,1
U000204,5.0,0.5,2
U002012,3.5,0.3333333333333333,1
U004413,3.6666666666666665,0.0,1
U004219,5.0,1.0,2
U002011,3.5,0.0,0
U008969,2.0,0.5,0
U009099,3.6666666666666665,0.0,1
U001356,4.25,0.0,1
U008224,2.6666666666666665,0.3333333333333333,1
U000257,2.0,0.5,0
U009300,3.0,1.5,0
U005352,3.0,0.0,0
U002021,4.0,0.0,1
U000460,4.5,1.5,2
U006257,3.5,0.5,0
U009375,4.333333333333333,0.0,1
U007196,3.5,0.5,0
U006518,3.0,0.0,0
U006438,4.5,0.0,2
U006716,3.5,0.5,0
U003673,3.25,0.75,1
U007589,4.0,0.0,2
U004948,3.0,0.0,0
U008146,3.25,1.0,1
U007100,4.0,1.0,2
U009521,2.0,1.0,0
U002894,4.0,1.0,2
U009959,2.5,0.5,0
U001229,5.0,0.0,2
U001153,3.6666666666666665,0.3333333333333333,1
U003287,4.2,0.6,1
U005547,3.0,0.0,0
U006854,2.0,2.0,0
U005621,1.0,0.0,0
U008086,5.0,0.0,2
U002587,5.0,1.0,2
U000954,4.0,0.0,2
U001469,4.0,1.0,2
U004531,4.142857142857143,0.42857142857142855,1
U006459,4.666666666666667,0.6666666666666666,1
U005146,4.5,0.5,1
U009162,4.0,0.75,1
U008514,4.0,0.5,1
U002931,5.0,0.5,2
U007174,3.5,0.5,0
U003194,2.0,0.5,0
U008260,2.0,0.0,0
U006197,1.0,2.0,0
U003175,4.0,0.0,1
U005289,4.0,0.0,2
U006349,4.0,1.0,2
U003256,4.0,0.0,2
U001905,3.0,0.0,0
U004845,4.0,1.0,2
U009596,2.6666666666666665,0.6666666666666666,1
U003687,3.0,1.0,0
U005936,3.0,0.0,0
U001091,4.0,0.5,2
U000169,3.0,0.0,0
U002757,2.0,0.0,0
U007466,2.0,1.0,0
U003328,3.0,1.0,0
U000667,3.5,0.0,0
U005957,4.0,0.0,2
U001529,3.5,0.5,0
U006367,3.5,0.0,0
U003665,3.0,0.0,0
U006145,2.0,2.0,0
U008110,2.0,0.0,0
U007813,4.0,2.0,2
U000798,5.0,0.0,2
U002811,3.5,0.5,0
U002005,4.0,2.0,2
U004424,5.0,0.0,2
U008201,5.0,1.0,2
U003676,2.0,0.0,0
U003737,3.0,0.0,0
U000234,4.0,0.6666666666666666,1
U002383,4.25,0.0,1
U006551,4.0,1.0,2
U002329,4.0,0.3333333333333333,1
U009205,3.6666666666666665,0.0,1
U004367,3.6666666666666665,0.6666666666666666,1
U008781,4.0,0.0,2
U008152,3.6,0.2,1
U003852,3.6666666666666665,0.0,1
U002199,4.5,0.0,2
U002529,3.0,0.2,1
U005350,3.6666666666666665,0.3333333333333333,1
U004855,3.3333333333333335,1.0,1
U005935,4.0,0.0,2
U009646,3.75,0.5,1
U001592,4.0,1.0,2
U009864,3.0,0.0,0
U002689,2.0,1.0,0
U009949,3.0,0.0,0
U006876,4.0,0.0,2
U007238,3.0,1.0,0
U005723,3.0,0.0,0
U007814,1.5,0.75,1
U001425,3.0,0.0,0
U000755,3.0,0.0,0
U005454,2.5,1.0,0
U008179,4.0,0.0,1
U001254,3.5,0.5,0
U003701,4.0,1.0,2
U004092,3.0,1.0,0
U004853,3.3333333333333335,0.0,1
U007629,4.25,0.0,1
U003677,3.0,0.0,0
U008015,2.2,0.2,1
U008035,4.0,0.3333333333333333,1
U009751,4.333333333333333,0.6666666666666666,1
U006750,4.333333333333333,1.0,1
U001866,3.5,0.5,0
U004419,4.333333333333333,0.3333333333333333,1
U007528,3.0,2.0,0
U008355,2.0,1.0,0
U009885,4.0,1.0,1
U004736,2.6666666666666665,0.3333333333333333,1
U009728,1.0,1.0,0
U007650,4.0,0.5,2
U009212,2.3333333333333335,0.6666666666666666,1
U009709,2.0,1.0,0
U007045,3.0,1.0,0
U004898,2.0,0.5,0
U001090,4.0,0.0,2
U006676,3.0,1.0,0
U000447,2.0,0.0,0
U001600,3.0,0.0,0
U009900,5.0,0.0,2
U004836,3.0,2.0,0
U008979,4.0,0.0,2
U009561,3.0,0.0,0
U005272,3.0,0.5,0
U001927,3.0,0.2,1
U001814,2.0,0.0,0
U004569,3.0,0.5,1
U001533,2.0,2.0,0
U002650,4.0,0.0,2
U000608,3.3333333333333335,1.0,1
U002432,5.0,2.0,2
U000578,4.0,0.0,2
U000736,2.5,0.0,0
U005341,3.5,0.75,1
U009267,3.5,0.5,0
U006788,5.0,0.0,2
U001650,4.0,1.0,1
U003351,3.3333333333333335,0.5,1
U001674,4.0,0.0,2
U004708,4.5,0.25,1
U001947,3.6666666666666665,1.3333333333333333,1
U000176,3.3333333333333335,0.6666666666666666,1
U008143,3.6666666666666665,0.6666666666666666,1
U001785,3.3333333333333335,0.3333333333333333,1
U005844,3.5,0.0,0
U008320,3.6666666666666665,0.6666666666666666,1
U007947,4.25,0.5,1
U008734,4.0,2.0,2
U002049,3.5,0.0,0
U005796,5.0,1.0,2
U001068,2.0,1.0,0
U000689,5.0,0.0,2
U008692,4.5,0.0,2
U002700,3.0,1.0,0
U008408,4.0,0.0,2
U003286,4.0,1.0,2
U002878,3.0,2.0,0
U004172,1.5,0.0,0
U007620,5.0,1.0,2
U004814,4.0,0.4,1
U005348,4.0,1.0,2
U001559,3.0,1.0,1
U003708,4.0,0.8,1
U002632,4.0,1.0,2
U004246,2.5,0.0,0
U003887,3.2,0.6,1
U006433,4.0,0.0,2
U000284,2.0,0.0,0
U002394,3.6666666666666665,0.0,1
U007874,2.5,0.5,0
U005913,3.5,0.25,1
U001341,3.3333333333333335,0.0,1
U003599,4.0,0.0,2
U006385,3.5,0.25,1
U000146,3.6666666666666665,0.0,1
U000401,4.0,0.5,2
U007329,5.0,0.0,2
U002418,3.0,0.0,0
U003142,3.0,1.0,0
U009432,3.0,0.0,0
U009729,4.0,0.0,2
U004267,4.666666666666667,1.0,1
U006373,3.0,1.0,0
U007014,2.0,1.0,0
U001244,4.0,0.0,2
U005901,5.0,1.0,2
U009104,2.0,0.0,0
U007470,3.5,0.0,0
U009419,3.5,0.5,0
U000403,5.0,1.0,2
U001373,3.0,0.0,1
U005136,3.0,0.6666666666666666,1
U004069,3.3333333333333335,1.0,1
U006090,2.5,0.5,1
U006049,4.0,0.0,2
U005103,2.6666666666666665,0.3333333333333333,1
U006247,3.6,0.8,1
U006310,3.8,0.8,1
U007042,3.5,0.0,0
U008937,2.0,0.0,0
U003822,5.0,1.0,2
U002295,4.333333333333333,0.3333333333333333,1
U001255,4.0,1.0,2
U006647,5.0,0.5,2
U009540,3.5,0.5,0
U004854,3.6666666666666665,0.0,1
U007880,4.0,0.6666666666666666,1
U007271,3.0,0.0,0
U004140,3.0,1.0,0
U007370,4.0,0.5,2
U004327,1.0,0.0,0
U000065,3.0,1.0,0
U001172,3.0,0.0,0
U004852,2.0,1.0,0
U004813,2.0,0.0,0
U003864,5.0,0.0,2
U007464,5.0,1.0,2
U004483,3.25,0.25,1
U002533,3.0,0.4,1
U006439,3.5,0.5,0
U006660,2.5,0.5,0
U009955,3.3333333333333335,0.6666666666666666,1
U002660,2.75,0.75,1
U007276,4.2,0.0,1
U003817,3.0,0.6,1
U003320,2.0,0.0,0
U005920,3.6666666666666665,0.0,1
U005115,4.0,0.0,2
U001017,4.0,0.0,2
U002089,4.0,0.5,1
U008908,3.6666666666666665,0.0,1
U001662,2.0,0.0,0
U008785,4.25,0.25,1
U001805,5.0,0.0,2
U005015,3.0,1.0,0
U001093,4.333333333333333,0.3333333333333333,1
U005814,3.5,0.0,0
U004435,5.0,0.0,2
U008140,4.0,0.3333333333333333,1
U009117,5.0,1.0,2
U008115,4.5,0.0,2
U005824,3.0,0.0,0
U006906,4.0,0.0,2
U002724,4.0,0.5,2
U003002,5.0,0.0,2
U004505,4.0,0.5,2
U005156,5.0,0.5,2
U004432,4.0,2.0,2
U005551,3.0,0.3333333333333333,1
U007878,2.5,0.0,0
U000862,5.0,0.0,2
U009597,3.0,0.0,0
U006593,2.0,0.0,0
U007121,3.0,2.0,0
U002723,2.5,0.5,0
U002232,3.0,0.3333333333333333,1
U001182,5.0,1.0,2
U000433,3.6666666666666665,0.6666666666666666,1
U002816,4.5,1.0,2
U004322,4.0,1.0,2
U004698,3.0,2.0,0
U003003,3.3333333333333335,0.0,1
U005437,4.0,1.0,2
U008245,4.0,1.0,2
U008546,3.5,0.5,0
U006265,4.0,0.5,2
U007396,4.0,1.0,1
U001242,3.6666666666666665,1.0,1
U001891,4.333333333333333,0.0,1
U005255,4.0,0.3333333333333333,1
U007039,4.5,0.0,2
U008761,2.0,0.0,0
U002497,4.666666666666667,0.0,1
U006920,2.5,0.5,0
U003357,3.0,2.0,0
U001939,5.0,0.0,2
U005304,2.6666666666666665,0.6666666666666666,1
U005287,3.0,0.0,0
U006414,2.0,0.0,0
U008744,3.0,0.0,0
U001878,2.0,1.0,0
U007632,3.0,0.3333333333333333,1
U009134,3.0,1.0,0
U003654,3.0,1.0,0
U000102,4.0,0.0,2
U008815,3.0,0.5,0
U004787,4.5,0.5,2
U003183,5.0,1.0,2
U009204,5.0,0.0,2
U008921,4.0,0.0,2
U007229,2.5,0.5,0
U007923,4.0,2.0,2
U004269,3.5,0.0,0
U008612,3.5,0.0,0
U006274,3.5,0.6666666666666666,1
U003827,3.7777777777777777,0.1111111111111111,1
U009786,4.0,0.5,2
U002601,2.6666666666666665,0.6666666666666666,1
U007754,5.0,1.5,2
U005284,3.3333333333333335,0.3333333333333333,1
U004165,4.0,1.0,2
U006493,4.0,0.5,2
U008095,2.6666666666666665,0.0,1
U002398,4.5,1.0,2
U002001,3.5,1.0,0
U004474,3.0,0.0,0
U002535,5.0,0.0,2
U006048,4.333333333333333,0.0,1
U002618,5.0,0.0,2
U008809,3.6666666666666665,0.3333333333333333,1
U002262,4.0,0.5,2
U006690,3.0,0.0,0
U000242,4.5,1.0,2
U009081,4.0,0.0,2
U006995,4.0,0.5,2
U002503,3.5,0.0,0
U003024,2.5,1.0,0
U003651,2.0,0.0,0
U003722,4.0,2.0,2
U003399,5.0,1.0,2
U006833,3.5,1.0,0
U004765,4.0,0.0,2
U003850,5.0,0.0,2
U009343,5.0,0.0,2
U000596,3.0,0.0,0
U000598,5.0,0.0,2
U005493,5.0,2.0,2
U000002,4.0,0.25,1
U009645,4.0,0.6666666666666666,1
U002167,4.0,1.0,2
U006176,3.5,0.0,0
U004161,4.0,1.0,2
U002390,3.5,1.0,0
U002530,3.75,1.0,1
U009371,3.0,0.0,0
U007301,2.0,0.0,0
U008359,2.3333333333333335,0.3333333333333333,1
U001042,3.0,1.0,0
U002224,3.5,1.5,0
U005217,2.0,0.0,0
U004555,3.0,0.8,1
U005598,4.333333333333333,1.0,1
U009495,3.6666666666666665,0.3333333333333333,1
U003437,3.0,0.0,0
U000410,4.333333333333333,0.6666666666666666,1
U008637,4.0,2.0,2
U009424,4.0,0.0,2
U009684,2.0,0.0,0
U005692,4.333333333333333,0.6666666666666666,1
U004716,4.0,1.0,2
U002271,3.5,0.0,0
U000465,5.0,0.0,2
U006999,3.5,0.5,0
U007151,4.0,1.0,1
U009849,2.6666666666666665,1.3333333333333333,1
U003178,3.5,1.0,1
U006748,4.0,2.0,2
U007432,3.0,0.2,1
U006323,3.0,1.0,0
U008312,4.5,0.5,2
U000559,3.5,0.0,0
U007497,4.5,0.0,2
U009556,3.3333333333333335,0.3333333333333333,1
U009649,3.0,0.6666666666666666,1
U009836,5.0,0.0,2
U007315,4.0,1.0,2
U001757,4.333333333333333,1.3333333333333333,1
U001913,4.0,2.0,2
U000021,3.6666666666666665,0.0,1
U009801,3.6666666666666665,0.6666666666666666,1
U003387,4.0,1.0,2
U007651,3.0,0.5,0
U009069,4.5,0.5,2
U005088,5.0,0.0,2
U004038,5.0,0.0,2
U007776,3.5,0.0,0
U005573,2.0,0.5,0
U008307,5.0,0.0,2
U006495,5.0,2.0,2
U008483,4.0,0.0,2
U007289,2.0,0.0,0
U009771,3.0,0.8,1
U004719,4.333333333333333,1.3333333333333333,1
U001360,1.0,0.0,0
U003321,4.4,0.6,1
U006196,4.0,0.0,2
U000560,3.5,1.5,0
U005154,4.5,0.5,2
U006646,3.6,0.8,1
U003389,2.5,0.5,0
U006604,3.0,2.0,0
U007850,3.0,0.0,0
U003663,4.0,0.5,2
U001852,4.0,0.0,2
U003397,3.6666666666666665,0.3333333333333333,1
U007671,3.0,0.0,0
U006406,3.0,0.0,0
U003341,5.0,0.5,2
U007581,3.0,2.0,0
U002090,3.0,1.5,0
U004374,3.0,1.5,0
U007672,5.0,0.0,2
U002248,4.0,0.0,2
U006062,2.5,0.5,0
U001769,5.0,0.0,2
U004642,4.0,0.0,2
U006784,5.0,0.0,2
U008981,3.5,1.0,0
U006386,4.0,2.0,2
U001210,4.0,0.0,2
U002289,4.0,0.0,2
U005397,5.0,0.0,2
U006393,5.0,0.0,2
U004868,4.0,0.0,2
U001140,3.0,0.0,0
U009155,4.0,0.0,2
U008326,4.0,0.0,2
U006203,3.0,0.5,0
U004310,3.75,0.25,1
U009903,2.727272727272727,0.5454545454545454,1
U002691,2.0,0.0,0
U008674,3.4,0.4,1
U009905,3.5,0.5,0
U005003,1.0,0.0,0
U006907,4.0,0.0,2
U000655,4.0,0.0,2
U000165,3.5,0.0,0
U008487,5.0,0.0,2
U009192,4.5,0.5,2
U005706,2.6666666666666665,0.3333333333333333,1
U006249,3.0,0.6666666666666666,1
U007490,2.75,0.5,1
U003980,4.0,0.0,2
U001829,2.0,0.0,0
U005797,3.5,0.0,0
U004203,3.5,0.0,0
U005746,3.5,0.0,0
U005112,5.0,0.0,2
U006608,3.5,0.0,0
U001941,3.0,1.0,0
U003237,3.75,0.0,1
U001755,3.0,1.0,0
U004913,3.0,2.0,0
U002662,3.5,1.0,0
U009942,3.857142857142857,0.2857142857142857,1
U001820,3.0,1.0,0
U005678,3.0,1.0,0
U003587,4.0,0.0,2
U009753,3.6666666666666665,1.3333333333333333,1
U009486,2.0,0.0,0
U004613,3.888888888888889,0.5555555555555556,1
U007913,3.5,0.0,0
U004489,2.0,0.0,0
U007829,2.75,0.25,1
U001109,4.5,0.5,2
U000856,3.25,1.0,1
U002502,3.75,0.25,1
U000309,2.0,0.0,0
U002863,4.0,0.25,1
U005176,4.0,1.0,2
U005502,4.666666666666667,0.3333333333333333,1
U003631,3.0,0.25,1
U006186,3.6666666666666665,0.3333333333333333,1
U000780,3.3333333333333335,1.0,1
U009464,3.8,1.0,1
U007571,5.0,0.0,2
U006702,3.0,0.0,0
U008265,4.0,0.6666666666666666,1
U001102,3.3333333333333335,0.0,1
U002263,5.0,0.0,2
U008611,4.0,1.0,2
U006395,3.0,1.0,0
U004137,3.0,1.0,0
U004389,3.5,1.0,0
U004114,4.0,1.0,2
U005671,3.0,2.0,0
U008415,3.0,0.0,0
U006633,4.0,0.0,2
U005928,3.3333333333333335,0.0,1
U004236,2.5,0.75,1
U002454,3.0,0.0,0
U005087,3.5,1.1666666666666667,1
U001599,2.5,0.75,1
U001802,3.0,0.75,1
U007605,3.7142857142857144,0.14285714285714285,1
U000023,3.6666666666666665,0.3333333333333333,1
U003550,4.666666666666667,0.3333333333333333,1
U000391,4.166666666666667,0.5,1
U000735,3.0,0.0,1
U007587,3.6666666666666665,0.0,1
U008978,3.3333333333333335,0.3333333333333333,1
U001066,4.5,1.0,2
U001813,4.0,0.25,1
U001040,4.333333333333333,0.0,1
U008317,2.6666666666666665,0.3333333333333333,1
U009406,3.5,0.5,0
U000362,3.6666666666666665,0.6666666666666666,1
U005375,3.3333333333333335,0.3333333333333333,1
U009651,4.2,0.4,1
U007968,3.6666666666666665,0.0,1
U000314,5.0,1.0,2
U001739,5.0,1.0,2
U001854,4.0,0.6666666666666666,1
U009288,3.0,0.0,0
U009944,3.0,0.0,0
U004029,3.0,0.0,0
U009932,4.0,2.0,2
U008132,4.0,1.0,2
U004558,3.5,1.5,0
U007439,5.0,1.0,2
U006363,3.0,0.0,0
U005207,3.0,1.0,0
U004513,4.0,2.0,2
U000068,5.0,0.0,2
U003526,4.0,0.0,2
U000899,3.0,0.0,0
U009934,3.0,0.3333333333333333,1
U007529,2.0,1.0,0
U007748,3.3333333333333335,0.3333333333333333,1
U001438,3.75,0.25,1
U004439,3.0,0.3333333333333333,1
U001999,3.75,0.25,1
U005829,4.0,0.0,2
U000400,4.5,1.0,2
U005854,4.0,0.5,2
U007714,2.0,0.0,0
U009869,3.0,2.0,0
U006006,4.0,0.0,2
U009438,3.0,0.0,0
U004668,4.0,0.8,1
U008336,5.0,1.0,2
U001099,3.857142857142857,0.0,1
U001881,3.3333333333333335,0.3333333333333333,1
U005955,3.75,0.25,1
U005370,3.0,0.3333333333333333,1
U004195,3.3333333333333335,0.6666666666666666,1
U007293,3.0,0.25,1
U000716,3.0,0.0,0
U004182,4.0,0.0,2
U001056,5.0,0.0,2
U007177,5.0,0.5,2
U003567,3.5,0.0,0
U005452,4.0,0.0,2
U007994,3.0,0.5,0
U009544,2.0,0.5,0
U001505,3.0,0.0,0
U003306,5.0,1.0,2
U005891,3.0,0.5,0
U008628,3.0,0.6666666666666666,1
U005096,3.8333333333333335,0.5,1
U004134,2.75,0.5,1
U004753,3.5714285714285716,0.5714285714285714,1
U003427,3.0,0.5,1
U008080,3.0,0.3333333333333333,1
U000302,5.0,0.0,2
U005820,3.5,0.0,0
U003570,4.0,0.5,1
U005358,4.0,0.0,1
U002769,3.6666666666666665,0.3333333333333333,1
U000737,4.75,0.25,1
U001983,3.5,0.75,1
U009690,4.333333333333333,0.6666666666666666,1
U005914,3.2,0.0,1
U002268,3.3333333333333335,1.0,1
U007573,3.0,1.0,0
U006991,3.0,0.5,1
U000268,4.0,0.5,2
U002138,4.0,0.0,2
U002676,4.0,1.0,2
U005065,4.0,0.0,2
U004567,3.25,0.0,1
U004056,3.0,0.0,0
U009471,4.5,0.0,2
U001234,5.0,1.0,2
U005832,5.0,0.0,2
U005757,5.0,0.0,2
U008906,4.0,0.0,2
U002677,5.0,0.0,2
U002582,2.0,0.0,0
U001696,3.0,0.0,0
U000744,1.5,1.0,0
U000931,5.0,0.0,2
U009706,3.5,1.0,0
U009808,2.5,0.0,0
U003165,4.5,1.0,2
U003904,3.75,0.25,1
U006171,2.5,0.5,0
U005443,3.6666666666666665,0.6666666666666666,1
U001195,4.333333333333333,0.6666666666666666,1
U000492,3.25,0.5,1
U009358,5.0,0.0,2
U009799,2.75,0.25,1
U007117,3.0,1.0,1
U004573,4.0,0.25,1
U006004,3.5,0.5,0
U002422,4.0,0.0,2
U004746,2.6666666666666665,0.6666666666666666,1
U004864,4.0,0.0,2
U009246,4.0,0.0,2
U000276,2.8,0.4,1
U006412,4.0,0.0,2
U003171,3.5,0.5,0
U006513,4.5,1.0,2
U008766,5.0,2.0,2
U001859,4.0,0.0,2
U006512,4.333333333333333,0.3333333333333333,1
U001639,5.0,1.0,2
U006421,2.5,1.0,0
U008976,3.0,1.0,0
U001470,3.5,1.5,0
U000750,2.5,0.5,0
U008233,3.0,1.0,0
U008886,2.0,0.0,0
U005093,4.0,1.0,2
U002391,5.0,0.0,2
U003400,4.0,0.0,1
U009599,2.0,0.0,0
U005711,5.0,1.0,2
U008506,4.0,0.0,2
U000096,4.0,0.5,2
U008157,4.0,0.0,2
U009376,3.5,0.0,0
U003137,3.0,0.0,0
U006691,3.5,0.0,0
U003731,3.8333333333333335,0.3333333333333333,1
U002028,3.0,0.4,1
U000305,4.0,0.6666666666666666,1
U007812,3.0,0.0,0
U002500,2.0,0.0,0
U000847,3.6666666666666665,0.3333333333333333,1
U007742,5.0,1.0,2
U006125,2.0,0.6666666666666666,0
U006455,3.6666666666666665,0.0,1
U001810,3.25,0.5,1
U001835,3.6666666666666665,1.3333333333333333,1
U003899,3.0,0.0,0
U009221,3.5,0.5,0
U003645,4.0,0.0,2
U004877,1.5,0.0,0
U005203,4.5,1.5,2
U005863,3.25,0.0,1
U002822,3.5,0.5,0
U008855,3.5,0.0,0
U001235,3.3333333333333335,0.3333333333333333,1
U002973,3.6666666666666665,0.0,1
U009073,3.8333333333333335,0.3333333333333333,1
U001522,2.0,2.0,0
U008541,3.5,0.5,0
U001967,3.0,0.0,0
U006800,3.0,0.0,0
U008877,4.333333333333333,1.0,1
U006284,3.75,0.25,1
U005847,1.0,0.0,0
U005900,3.25,0.25,1
U003041,2.0,2.0,0
U005581,2.5,1.0,0
U006401,3.5,0.0,0
U004099,3.6666666666666665,0.6666666666666666,1
U005019,2.0,1.5,0
U006763,3.5,0.0,0
U007997,3.0,0.0,1
U004116,5.0,1.0,2
U005280,3.0,0.0,0
U008162,3.75,0.25,1
U008860,5.0,0.0,2
U002980,3.0,0.3333333333333333,1
U007832,2.75,0.75,1
U008452,3.2,0.4,1
U000545,3.6666666666666665,0.3333333333333333,1
U000813,3.0,2.0,0
U000708,4.0,1.0,2
U003411,2.5,0.5,1
U007483,4.0,0.8,1
U001973,2.8,0.0,1
U008594,3.8,0.4,1
U005761,3.0,0.0,0
U005845,3.5,1.0,1
U007362,4.0,0.0,2
U005380,3.0,1.0,0
U005258,4.0,0.0,2
U000069,4.0,0.0,2
U006601,4.0,0.5,2
U000880,2.0,0.0,0
U002996,4.5,0.5,2
U002357,3.0,0.0,0
U002606,3.0,0.3333333333333333,1
U009692,4.0,0.5,2
U005300,2.6666666666666665,0.3333333333333333,1
U003005,3.125,0.625,1
U003449,4.666666666666667,1.0,1
U002630,3.0,1.0,0
U004229,3.0,0.0,0
U007268,3.888888888888889,0.4444444444444444,1
U002625,4.0,0.0,2
U007633,3.0,0.16666666666666666,1
U009981,4.5,1.0,2
U001131,4.333333333333333,0.6666666666666666,1
U007637,4.333333333333333,1.0,1
U009020,4.0,0.0,2
U003637,3.6666666666666665,0.3333333333333333,1
U004376,3.5,0.5,0
U001167,2.0,1.0,0
U002636,3.0,1.0,0
U005365,3.0,2.0,0
U001993,5.0,2.0,2
U008331,4.5,2.0,2
U009766,4.5,0.5,2
U002341,3.6666666666666665,1.0,1
U001865,3.6666666666666665,0.6666666666666666,1
U002304,3.0,0.5,0
U007223,3.0,0.5,0
U005683,2.0,0.0,0
U007437,3.6666666666666665,1.3333333333333333,1
U009396,5.0,0.0,2
U009754,3.5,1.0,0
U003032,3.0,0.5,0
U006053,4.666666666666667,0.6666666666666666,1
U004139,4.0,1.0,2
U001452,2.0,0.0,0
U006914,5.0,1.0,2
U002452,4.0,0.0,2
U008643,4.0,1.0,2
U006132,2.0,1.0,0
U005053,5.0,1.0,2
U002686,5.0,1.0,2
U006348,5.0,2.0,2
U004953,4.0,0.75,1
U001458,3.0,0.5,1
U009641,4.5,1.0,2
U000834,3.75,0.75,1
U007638,2.8,0.0,1
U002420,3.0,0.0,1
U007074,5.0,2.0,2
U009806,4.0,0.2857142857142857,1
U006701,4.0,2.0,2
U006447,3.5,1.0,0
U002982,3.3333333333333335,0.0,1
U001919,3.0,0.0,1
U002496,2.5,0.0,0
U004402,5.0,0.0,2
U001157,3.8,0.6,1
U000130,4.0,0.5,2
U001708,3.0,0.0,0
U003878,3.0,0.0,0
U000180,2.3333333333333335,0.6666666666666666,1
U005494,4.0,2.0,2
U008679,3.0,0.0,0
U006638,3.0,0.0,0
U008553,3.6666666666666665,0.0,1
U004924,4.0,0.5,2
U000925,1.0,0.0,0
U007674,4.0,1.0,2
U007380,3.0,0.0,0
U001987,3.0,0.0,0
U006497,4.0,0.0,2
U004292,2.0,0.0,1
U005128,3.0,0.2,1
U002862,3.3333333333333335,0.3333333333333333,1
U002104,3.6,0.2,1
U000296,3.0,0.0,0
U005523,3.6,0.6,1
U007161,4.5,0.0,2
U002837,4.0,0.5,2
U005173,3.8,0.6,1
U004562,4.0,0.5,2
U003425,4.0,1.0,1
U009820,3.0,2.0,0
U004095,4.0,0.0,2
U002875,2.0,0.0,0
U009010,3.6666666666666665,0.0,1
U004416,3.5,0.0,0
U009364,4.0,0.0,2
U008519,3.0,0.0,1
U002054,5.0,0.0,2
U005169,2.5,1.0,0
U009253,4.5,0.5,2
U008587,1.0,0.0,0
U004783,4.5,0.0,2
U000178,3.0,0.3333333333333333,1
U007745,4.5,2.0,2
U000818,4.0,2.0,2
U008117,5.0,0.0,2
U001637,4.5,0.5,2
U002573,4.0,1.0,2
U006884,4.0,1.0,2
U000546,3.2,0.2,1
U004423,5.0,0.0,2
U008470,2.5,0.0,0
U006535,2.0,0.5,0
U001353,3.0,0.4,1
U009725,2.6666666666666665,1.0,1
U003012,4.0,0.0,1
U009923,3.0,0.0,0
U002798,5.0,0.0,2
U002214,4.5,0.5,2
U009850,1.0,1.0,0
U009578,4.0,1.0,2
U000966,4.0,0.0,2
U009551,3.0,1.0,0
U009368,4.0,0.0,1
U002915,3.0,1.0,1
U003154,3.3333333333333335,0.6666666666666666,1
U007592,4.0,1.0,2
U003114,4.0,1.0,2
U004447,4.0,1.0,2
U008502,3.6666666666666665,0.3333333333333333,1
U000721,3.3333333333333335,0.3333333333333333,1
U009441,4.0,0.0,2
U007993,4.0,0.0,2
U000050,2.0,1.0,0
U004162,4.0,1.0,2
U004096,4.0,0.0,2
U001384,5.0,0.0,2
U001257,4.0,1.0,2
U003303,4.0,0.0,2
U002509,4.0,0.0,2
U003629,3.0,2.0,0
U009698,5.0,0.0,2
U007696,5.0,2.0,2
U008655,3.0,0.0,0
U008126,4.0,0.5,2
U007485,5.0,0.0,2
U001305,3.5,1.25,1
U008295,3.0,1.0,0
U002527,4.5,0.5,2
U003027,4.0,1.0,2
U008174,3.6666666666666665,0.6666666666666666,1
U006103,4.0,0.75,1
U004549,4.0,1.0,2
U008706,4.2,0.8,1
U003703,3.25,0.75,1
U003057,4.666666666666667,0.3333333333333333,1
U004910,3.0,0.5,0
U007216,3.75,0.5,1
U003103,1.0,0.5,0
U004782,4.333333333333333,0.6666666666666666,1
U000827,2.0,0.0,0
U001343,3.5,1.0,0
U006277,4.0,1.0,2
U003330,3.5,0.0,0
U006994,4.666666666666667,0.3333333333333333,1
U005830,3.0,0.0,0
U009794,3.5,0.5,0
U002534,3.0,0.0,0
U005408,3.0,0.0,0
U002747,3.5,0.5,0
U006760,3.0,2.0,0
U003482,2.0,0.0,0
U001503,2.0,0.0,0
U002438,4.0,0.5,2
U005715,3.5,0.5,0
U007055,4.0,0.0,2
U004705,4.0,0.0,2
U007682,2.6666666666666665,0.6666666666666666,1
U003398,3.0,1.5,0
U008884,3.0,0.0,0
U002855,5.0,1.0,2
U002298,3.0,0.0,0
U007411,5.0,0.0,2
U001765,3.0,0.0,0
U005433,3.0,0.0,0
U009154,3.0,0.0,0
U004906,4.4,0.8,1
U009723,4.0,0.0,1
U002937,3.2,0.8,1
U007535,3.0,1.0,1
U005314,3.3333333333333335,0.3333333333333333,1
U004595,3.875,0.625,1
U006565,3.0,0.3333333333333333,1
U006544,4.0,0.0,2
U003591,4.0,0.3333333333333333,1
U004111,3.8333333333333335,1.3333333333333333,1
U007514,3.3333333333333335,0.0,1
U002115,4.0,0.0,1
U004767,3.3333333333333335,0.3333333333333333,1
U006583,3.0,1.0,0
U004438,3.6,0.4,1
U004972,3.5,0.5,0
U007625,3.8,0.2,1
U003211,3.3333333333333335,0.0,1
U002399,2.6666666666666665,1.3333333333333333,1
U001942,3.0,1.0,0
U005100,4.0,0.6666666666666666,1
U001014,4.0,0.0,2
U003234,4.0,0.6666666666666666,1
U007557,4.5,0.5,2
U008849,2.0,0.5,0
U004896,4.5,0.5,2
U000637,5.0,0.0,2
U004502,4.0,0.6666666666666666,1
U009585,4.0,0.0,2
U004159,2.0,0.0,0
U006645,1.5,0.0,0
U003047,4.0,0.5,2
U008405,4.0,1.0,2
U009800,4.0,0.0,2
U007867,4.0,0.0,2
U004901,4.0,1.0,2
U003638,3.0,2.0,0
U002555,2.0,1.0,0
U005922,4.0,1.0,2
U005444,3.0,0.0,0
U005993,5.0,1.0,2
U007965,3.3333333333333335,1.0,1
U006992,3.0,0.0,0
U002584,3.5,1.0,1
U009224,1.0,2.0,0
U003776,3.0,0.0,0
U006370,2.0,0.0,0
U008510,3.5,1.0,0
U007204,3.3333333333333335,0.0,1
U005226,3.5,0.5,1
U005329,4.0,0.0,1
U004743,3.0,0.0,0
U009365,3.0,0.0,0
U005695,4.5,0.5,2
U005655,3.0,0.0,0
U002919,2.0,0.0,0
U004033,3.8,0.6,1
U002634,3.6666666666666665,0.6666666666666666,1
U003826,1.0,0.0,0
U006664,4.5,0.0,2
U001418,3.5,0.0,0
U004351,3.0,0.75,1
U006616,5.0,0.0,2
U008634,3.0,0.0,0
U002740,3.5,0.3333333333333333,1
U000858,3.6666666666666665,0.6666666666666666,1
U002272,5.0,0.0,2
U000875,4.0,0.0,2
U009353,2.5,0.0,0
U004430,3.75,0.25,1
U008907,2.0,0.0,0
U009514,3.0,1.0,0
U003934,4.5,1.0,2
U000661,3.0,0.0,0
U005219,5.0,2.0,2
U002218,5.0,0.0,2
U009625,5.0,0.0,2
U009507,3.5,1.0,0
U001535,3.0,1.0,0
U006662,3.0,1.0,0
U006129,4.0,1.0,2
U006935,5.0,0.0,2
U002451,4.0,0.5,2
U007957,3.5,0.3333333333333333,1
U005680,3.6666666666666665,0.6666666666666666,1
U001948,4.5,0.5,2
U003316,3.3333333333333335,0.3333333333333333,1
U009967,4.333333333333333,0.6666666666666666,1
U008362,3.0,0.5,0
U008731,5.0,1.0,2
U008890,4.0,0.5,2
U007827,4.0,0.16666666666666666,1
U002188,3.0,1.0,0
U008340,3.0,2.0,0
U001986,4.0,0.0,2
U006661,4.5,1.0,2
U001563,3.5,0.5,0
U004592,2.0,2.0,0
U000576,3.0,1.0,0
U002309,4.0,1.0,2
U009956,4.0,0.25,1
U006697,3.3333333333333335,0.0,1
U009351,2.5,1.0,0
U002371,5.0,0.0,2
U000485,5.0,1.0,2
U000645,3.5,1.0,1
U001990,3.3333333333333335,0.6666666666666666,1
U000195,4.0,0.0,2
U008319,2.0,0.0,0
U001677,3.0,1.0,0
U002921,3.0,0.0,0
U008151,3.6666666666666665,0.6666666666666666,1
U000155,2.0,1.0,0
U009028,4.0,0.0,2
U003018,2.4,0.6,1
U009479,3.0,0.0,0
U007453,3.3333333333333335,0.3333333333333333,1
U009130,4.666666666666667,1.0,1
U003773,4.0,0.0,2
U007438,3.5,0.5,0
U007992,3.5,0.0,0
U004136,2.0,0.0,0
U003353,5.0,0.0,2
U006891,3.0,0.0,0
U007350,3.0,2.0,0
U004030,4.0,0.75,1
U003343,4.0,0.0,2
U007446,2.0,0.0,0
U008696,4.0,0.0,2
U009664,3.0,0.0,0
U009928,3.0,0.0,0
U004094,4.0,0.0,2
U001690,4.0,2.0,2
U001877,3.0,0.0,0
U009277,5.0,1.0,2
U001838,3.3333333333333335,0.6666666666666666,1
U003271,3.5,0.5,1
U007791,3.3333333333333335,0.3333333333333333,1
U003884,2.0,1.0,0
U000416,2.6666666666666665,1.0,1
U006005,3.1666666666666665,0.0,1
U004383,1.75,1.25,1
U000731,4.5,0.0,2
U004160,4.0,1.0,2
U004216,4.5,0.5,2
U009693,5.0,0.0,2
U001298,3.5,0.5,0
U001938,4.0,0.6666666666666666,1
U003382,5.0,0.0,2
U008023,5.0,1.0,2
U004360,3.5,0.0,0
U005657,3.0,0.0,0
U004224,4.0,1.0,2
U002679,4.0,0.0,2
U009515,4.0,0.0,2
U006599,4.0,0.0,2
U004131,4.0,0.0,2
U000317,5.0,0.0,2
U006381,4.0,2.0,2
U004346,4.0,0.0,2
U000339,4.0,1.0,2
U005899,4.0,0.3333333333333333,1
U007512,4.5,0.5,2
U001252,3.3333333333333335,0.0,1
U008209,3.5,0.5,0
U007905,4.0,0.0,2
U005323,3.4,0.0,1
U003898,3.0,0.0,0
U007509,4.0,1.0,2
U006378,4.5,0.25,1
U004640,2.0,1.0,0
U000458,3.5,0.3333333333333333,1
U003602,3.75,0.5,1
U009297,2.0,1.0,0
U004047,4.0,1.0,2
U004336,3.6666666666666665,0.3333333333333333,1
U004553,4.333333333333333,0.3333333333333333,1
U009266,3.0,1.0,0
U000690,4.0,2.0,2
U007412,5.0,0.0,2
U003235,4.5,1.0,2
U007854,3.2,0.4,1
U000042,3.0,0.0,0
U008926,1.0,1.0,0
U007142,5.0,0.5,2
U001378,4.0,1.0,2
U000461,5.0,1.0,2
U001096,3.0,0.5,0
U003311,4.5,0.0,2
U004816,4.0,0.0,2
U006538,2.0,2.0,0
U006174,4.0,2.0,2
U006256,4.0,0.0,2
U001130,3.0,0.5,0
U008037,3.5,0.16666666666666666,1
U007978,3.2,0.4,1
U005896,4.5,0.5,2
U008743,3.5,0.25,1
U004441,4.5,1.0,2
U006590,3.6666666666666665,0.0,1
U009094,3.0,0.75,1
U008588,4.0,0.3333333333333333,1
U007759,2.6666666666666665,0.3333333333333333,1
U003244,4.5,1.0,2
U004184,4.5,0.0,2
U002903,2.6666666666666665,0.0,1
U009140,4.333333333333333,0.3333333333333333,1
U009137,4.0,0.5,2
U002144,1.0,2.0,0
U007443,3.5,0.0,0
U009427,3.0,0.6666666666666666,1
U000867,2.5,0.5,1
U004887,4.5,0.5,2
U000544,2.5,0.5,0
U001751,4.5,1.5,2
U006729,3.0,0.5,0
U009670,3.0,0.5,0
U003182,5.0,0.0,2
U004458,3.3333333333333335,0.3333333333333333,1
U003649,4.0,0.0,2
U007877,2.0,0.5,0
U000323,3.0,0.0,0
U009929,3.75,0.5,1
U005887,4.0,1.0,2
U005869,3.6666666666666665,1.3333333333333333,1
U005632,3.3333333333333335,0.0,1
U008959,2.6666666666666665,0.0,1
U001790,4.5,0.0,2
U000532,2.0,0.0,0
U001893,3.5,0.5,0
U003531,3.3333333333333335,1.0,1
U008232,3.5,0.5,0
U003262,2.5,0.5,0
U006865,3.0,0.0,0
U001181,4.0,0.0,2
U007774,2.5,0.5,1
U009323,3.5,0.0,0
U008496,4.0,0.5,1
U003475,4.5,0.0,2
U008579,3.3333333333333335,0.3333333333333333,1
U001572,4.5,0.5,2
U002029,2.3333333333333335,0.3333333333333333,1
U000427,2.3333333333333335,1.3333333333333333,1
U003853,2.3333333333333335,1.3333333333333333,1
U001271,4.0,0.6666666666666666,1
U002508,3.0,0.0,0
U005386,4.333333333333333,0.0,1
U008144,3.0,0.5,0
U008139,5.0,0.0,2
U001075,3.25,0.5,1
U006560,2.0,0.0,0
U005076,4.0,0.0,2
U007679,3.0,0.5,0
U006905,3.0,0.0,0
U007078,3.0,1.0,0
U005786,4.0,1.0,2
U009954,3.75,0.0,1
U001885,4.0,1.0,1
U001358,2.5,0.5,0
U005644,3.0,1.0,1
U006987,3.3333333333333335,0.6666666666666666,1
U008277,4.5,0.5,2
U003378,3.5714285714285716,1.2857142857142858,1
U005131,4.5,0.0,2
U006117,2.5,0.5,0
U001350,3.0,0.3333333333333333,1
U004255,3.0,0.3333333333333333,1
U002659,3.75,0.25,1
U006408,4.333333333333333,1.3333333333333333,1
U007043,3.6,0.4,1
U008022,4.0,0.25,1
U008991,3.0,1.0,0
U005084,4.0,0.0,2
U002487,4.0,1.0,2
U009123,4.0,0.0,2
U005225,5.0,1.0,2
U002430,3.0,1.0,0
U006079,2.5,0.5,0
U006825,3.0,2.0,0
U003931,5.0,0.0,2
U000734,3.5,0.0,0
U000476,3.5,0.5,0
U006758,5.0,0.0,2
U001194,4.666666666666667,0.0,1
U001024,4.0,1.0,2
U003159,2.0,0.0,0
U000396,3.6666666666666665,1.0,1
U003668,3.8333333333333335,0.8333333333333334,1
U005106,4.5,0.5,2
U001930,3.5,0.5,0
U007237,3.0,0.5,0
U004358,3.5,0.16666666666666666,1
U008351,3.0,0.0,0
U005857,4.0,2.0,2
U009945,4.0,0.6666666666666666,1
U005513,4.0,0.0,2
U006140,3.3333333333333335,0.3333333333333333,1
U001220,4.0,0.0,2
U008843,4.0,0.3333333333333333,1
U008729,2.0,0.0,0
U002365,4.0,1.0,2
U003948,3.5,0.25,1
U008529,4.5,1.0,2
U008472,3.25,0.25,1
U006498,4.0,0.25,1
U001480,4.75,0.5,1
U005417,3.0,0.0,0
U007838,2.6666666666666665,0.3333333333333333,1
U005968,3.5,0.5,0
U006065,3.0,2.0,0
U008939,2.75,0.5,1
U007807,3.0,0.5,0
U001081,3.5,0.0,0
U000303,3.5,0.5,0
U007278,3.0,0.0,0
U007758,4.0,2.0,2
U002051,4.0,1.0,2
U003166,3.0,1.0,0
U002716,3.0,0.0,0
U006888,4.0,0.0,2
U001047,4.0,1.0,2
U000280,3.6666666666666665,0.6666666666666666,1
U005036,3.0,1.0,0
U004281,4.0,0.0,2
U002932,3.0,1.0,0
U004788,2.75,0.75,1
U000059,4.0,0.5,2
U000159,3.5,0.0,0
U005615,3.3333333333333335,0.6666666666666666,1
U000386,4.75,0.5,1
U005724,2.5,0.5,0
U003675,4.5,0.0,2
U009409,2.3333333333333335,0.6666666666666666,1
U005660,4.333333333333333,0.6666666666666666,1
U005828,3.0,0.75,1
U007026,3.3333333333333335,0.3333333333333333,1
U009114,4.0,0.0,1
U000757,3.0,2.0,0
U000384,2.6666666666666665,0.6666666666666666,1
U006977,4.0,1.0,2
U004343,4.0,1.0,2
U006930,3.5,1.5,0
U008760,3.0,0.0,0
U006214,4.0,0.0,2
U009943,2.0,0.0,0
U005489,3.5,0.5,1
U001123,4.0,0.0,1
U007361,5.0,1.0,2
U003193,3.5,0.0,0
U004532,5.0,0.0,2
U009036,4.0,0.0,2
U008704,4.0,0.0,2
U008624,3.0,1.0,0
U008339,4.0,0.0,2
U000047,4.5,0.0,1
U003932,4.5,0.5,2
U003507,3.0,0.8,1
U003407,3.0,0.75,1
U003515,3.6666666666666665,0.6666666666666666,1
U005439,3.6666666666666665,0.6666666666666666,1
U004879,3.5,0.0,0
U000060,4.0,1.0,2
U003220,4.0,0.0,1
U002575,3.6,1.0,1
U007356,3.0,0.0,0
U005189,4.333333333333333,0.6666666666666666,1
U002865,5.0,1.0,2
U002779,4.5,0.0,2
U007047,4.0,0.0,2
U005675,4.0,0.0,2
U004821,4.142857142857143,0.2857142857142857,1
U001916,2.75,0.75,1
U002850,4.0,0.0,2
U007491,4.0,0.0,2
U004860,2.6666666666666665,0.0,1
U000037,3.0,1.0,0
U006403,3.0,0.0,1
U002348,5.0,0.0,2
U009015,3.0,0.3333333333333333,1
U005758,4.333333333333333,0.6666666666666666,1
U001950,3.5,0.5,0
U004443,3.0,0.0,0
U008379,3.0,1.0,0
U003601,1.0,0.0,0
U007141,4.0,0.0,2
U008252,5.0,1.0,2
U007618,3.0,0.0,0
U004468,5.0,2.0,2
U009372,4.333333333333333,0.6666666666666666,1
U003893,2.0,1.0,0
U007593,4.333333333333333,0.6666666666666666,1
U001311,3.0,0.5,1
U000080,2.0,1.0,0
U003122,4.0,0.75,1
U008573,2.6,0.0,1
U006559,3.75,0.5,1
U005784,3.8333333333333335,0.6666666666666666,1
U001385,4.0,0.0,1
U004125,4.0,0.0,2
U007449,3.5,1.5,0
U003888,4.5,1.5,2
U002749,3.5,0.0,0
U002083,4.0,1.5,1
U007402,5.0,1.0,2
U001758,3.6666666666666665,0.3333333333333333,1
U004692,3.75,0.75,1
U000300,5.0,0.0,2
U003812,3.0,1.0,0
U009272,5.0,0.0,2
U007500,3.5,1.0,0
U000209,4.0,1.0,2
U004712,3.0,0.25,1
U004150,4.0,0.0,2
U001996,5.0,0.0,2
U001974,4.0,0.0,2
U009133,4.333333333333333,0.0,1
U005311,5.0,0.0,2
U005158,2.0,0.0,0
U004464,2.75,0.5,1
U006221,4.0,0.5,2
U008635,3.4444444444444446,0.8888888888888888,1
U001214,3.1666666666666665,0.16666666666666666,1
U006787,3.0,0.5,0
U004627,4.0,0.0,2
U004637,3.25,0.625,1
U005877,3.75,0.25,1
U004635,4.0,0.0,2
U006561,3.25,0.75,1
U002578,4.5,1.0,2
U006655,3.5,0.5,0
U006889,4.0,0.0,2
U008154,2.0,2.0,0
U000145,4.333333333333333,0.0,1
U007599,3.0,0.0,0
U009488,4.0,1.0,2
U009285,4.0,0.0,2
U004596,4.0,1.0,2
U009904,3.5,1.0,1
U000830,5.0,1.0,2
U009274,3.0,1.0,0
U001724,1.0,0.0,0
U006458,3.0,0.0,0
U000063,2.0,2.0,0
U009522,4.0,0.0,2
U002134,3.0,0.0,0
U004291,5.0,0.5,2
U004277,2.25,0.25,1
U008825,4.0,0.5,2
U001754,4.25,0.25,1
U005426,3.5,0.75,1
U002628,4.2,0.6,1
U009001,3.25,0.5,1
U003429,4.0,1.0,2
U003150,5.0,1.0,2
U001665,3.0,0.0,0
U007124,4.0,0.0,2
U008872,2.75,0.25,1
U006313,3.0,1.0,0
U005174,4.0,0.0,2
U009330,3.6666666666666665,0.0,1
U004129,4.5,1.0,2
U002124,3.25,0.5,1
U002899,3.5,0.0,0
U003189,4.5,0.0,2
U004431,2.6666666666666665,0.0,1
U003187,2.0,0.0,0
U000093,4.5,0.0,2
U003386,3.5,0.0,0
U001125,4.0,0.0,2
U006753,4.0,0.0,2
U002912,2.6666666666666665,0.0,1
U003974,2.0,0.0,0
U001991,3.0,0.0,0
U009454,4.0,0.0,2
U002410,2.0,0.5,0
U003713,1.0,0.0,0
U007424,2.5,0.0,0
U001243,4.0,1.0,2
U001456,2.0,1.0,0
U000434,5.0,1.0,2
U006971,2.0,0.5,0
U007160,3.5,1.0,1
U006205,3.0,1.0,0
U004903,3.0,0.3333333333333333,1
U008431,3.5,0.25,1
U004779,4.333333333333333,0.6666666666666666,1
U003747,2.8,0.2,1
U009674,3.3333333333333335,1.0,1
U008049,3.0,1.0,0
U000810,3.0,0.0,0
U004824,5.0,1.0,2
U001513,3.5,0.5,0
U008108,2.5,1.0,0
U005549,4.0,1.0,2
U006974,4.0,0.6666666666666666,1
U007262,4.0,0.5,2
U002880,4.5,0.5,2
U004900,2.3333333333333335,0.6666666666666666,1
U009538,4.0,0.0,2
U006344,3.6666666666666665,0.0,1
U008291,2.0,1.0,0
U008420,3.0,0.5,0
U004601,3.5,0.5,0
U008841,3.0,0.0,0
U005735,5.0,2.0,2
U002480,1.0,0.0,0
U006308,3.0,0.0,0
U003279,2.0,1.0,0
U002738,3.0,0.0,0
U008253,3.0,2.0,0
U006424,4.5,0.0,2
U000936,5.0,0.0,2
U005033,4.0,0.0,2
U006020,5.0,2.0,2
U000564,3.625,0.625,1
U009206,3.6666666666666665,0.16666666666666666,1
U000217,4.0,0.5,1
U001750,4.0,0.6666666666666666,1
U006966,4.25,0.375,1
U003604,5.0,1.0,2
U008189,4.0,0.0,1
U000792,4.333333333333333,0.0,1
U008185,2.8,0.6,1
U002925,3.8,0.8,1
U003453,4.0,0.3333333333333333,1
U007833,4.5,0.3333333333333333,1
U009542,4.0,0.5,2
U008968,4.0,0.2,1
U005113,4.5,0.5,2
U001988,3.6666666666666665,0.0,1
U008055,3.5,0.5,0
U008309,3.0,1.0,0
U001202,4.5,0.0,2
U006734,4.5,0.0,2
U003734,3.6666666666666665,0.6666666666666666,1
U001645,3.0,1.0,0
U004426,5.0,1.0,1
U003061,4.0,0.0,2
U000210,4.0,0.0,2
U006908,3.5,1.0,0
U003073,5.0,0.0,2
U003765,4.0,1.0,2
U004261,4.0,2.0,2
U004984,3.0,0.0,0
U001107,4.5,0.5,2
U005689,3.5,1.0,0
U006586,2.0,1.0,0
U004498,2.6666666666666665,0.3333333333333333,1
U001116,3.0,0.0,0
U005612,4.0,1.0,2
U009322,3.0,1.0,0
U009861,2.0,0.0,0
U007576,4.0,1.0,2
U000782,3.0,1.0,0
U005161,3.5,0.0,0
U009987,4.4,0.6,1
U000286,3.5,0.25,1
U009186,5.0,0.0,2
U002843,3.0,1.0,1
U002722,3.5,0.3333333333333333,1
U008313,4.333333333333333,0.6666666666666666,1
U008723,4.5,0.0,2
U000693,4.333333333333333,1.3333333333333333,1
U007097,2.5,0.0,0
U009822,3.0,0.2,1
U005809,4.0,1.0,2
U007246,4.0,0.0,2
U006387,3.0,0.0,0
U007215,2.0,0.0,0
U002992,5.0,0.0,2
U007680,4.5,0.0,2
U004298,3.6666666666666665,0.16666666666666666,1
U003789,3.0,0.0,0
U009428,4.5,0.0,2
U009555,3.0,0.0,1
U002063,3.3333333333333335,1.0,1
U000426,3.6666666666666665,1.0,1
U009844,4.0,0.5,2
U005461,3.5,0.0,0
U004223,1.0,0.0,0
U009439,3.5,0.5,0
U003296,3.5,0.25,1
U004222,3.3333333333333335,1.0,1
U005308,3.0,0.0,0
U005708,4.5,0.0,2
U006315,3.0,2.0,0
U002891,3.0,1.0,0
U000132,2.0,0.0,0
U003140,4.0,1.0,2
U002596,3.5,1.0,0
U001010,2.0,0.0,0
U008158,4.0,0.0,2
U005095,4.0,0.5,2
U009166,3.5,1.0,0
U007173,4.25,0.0,1
U002019,1.0,0.0,0
U000870,3.0,1.0,0
U003520,4.25,0.75,1
U001443,2.5,1.5,0
U006173,3.25,1.0,1
U001028,3.5,0.25,1
U000768,4.5,0.5,2
U001549,4.0,0.6666666666666666,1
U005073,3.0,0.0,0
U000174,3.5,0.0,0
U009562,4.0,1.0,1
U006319,3.1666666666666665,0.3333333333333333,1
U007165,3.0,2.0,0
U008090,1.0,1.0,0
U002589,5.0,1.0,2
U006827,3.5,0.5,0
U004696,4.0,1.0,1
U001118,3.0,0.0,0
U008599,3.6,0.2,1
U001804,4.0,0.0,2
U000369,4.0,0.0,2
U003712,3.0,0.0,0
U006435,4.0,0.5,2
U001087,3.0,2.0,0
U000863,4.5,0.0,2
U001139,4.0,0.3333333333333333,1
U008858,3.0,0.0,0
U006328,3.0,0.0,0
U002491,4.0,0.0,2
U009568,4.0,2.0,2
U001906,2.0,0.0,0
U009662,5.0,0.0,2
U006708,3.6666666666666665,0.3333333333333333,1
U004833,4.666666666666667,0.8333333333333334,1
U006217,1.0,0.0,0
U001895,5.0,1.0,2
U001364,1.0,0.0,0
U000090,4.666666666666667,0.6666666666666666,1
U007834,3.5,0.0,0
U002169,2.0,0.0,0
U008013,3.0,0.0,0
U002648,4.0,0.0,2
U005032,4.0,0.3333333333333333,1
U005142,3.0,0.0,0
U003558,4.0,0.0,1
U002080,3.0,0.5,0
U004518,4.0,0.5,2
U001493,2.0,1.0,0
U003170,3.3333333333333335,0.6666666666666666,1
U000346,2.0,1.0,0
U008398,2.3333333333333335,0.3333333333333333,1
U002656,1.0,0.0,0
U003660,5.0,0.0,2
U009101,4.0,0.0,2
U001553,4.0,1.0,2
U000515,5.0,0.0,2
U005541,4.0,1.0,2
U003754,4.0,0.0,2
U007016,4.0,1.0,2
U009760,3.0,1.0,0
U009147,4.0,0.0,1
U009969,3.2,0.6,1
U009183,4.4,0.6,1
U001023,3.0,1.0,0
U007207,4.5,0.5,2
U002776,5.0,0.0,2
U008223,2.0,0.5,0
U006548,4.428571428571429,0.8571428571428571,1
U005346,3.6666666666666665,0.6666666666666666,1
U001747,3.5,0.5,0
U004709,4.5,1.0,2
U003809,3.3333333333333335,0.6666666666666666,1
U009469,4.0,0.5,2
U005321,3.6666666666666665,0.6666666666666666,1
U002537,3.0,0.0,0
U008810,2.5,1.0,0
U003007,4.333333333333333,1.3333333333333333,1
U006263,4.0,0.5,2
U001372,2.5,1.0,0
U003596,3.6666666666666665,1.0,1
U009119,3.0,0.5,0
U000496,4.5,1.0,2
U000087,3.0,0.0,0
U001483,2.0,1.0,0
U008440,5.0,0.0,2
U003527,2.0,1.0,0
U004193,2.0,0.0,0
U002526,5.0,0.0,2
U006831,4.0,1.0,2
U009720,3.0,1.5,0
U002187,3.5,1.0,1
U002251,2.75,0.0,1
U006625,5.0,1.0,2
U002466,3.3333333333333335,0.0,1
U001826,3.5,0.5,0
U003724,2.5,0.75,1
U002377,4.25,0.5,1
U003939,4.0,0.0,1
U005455,2.75,1.0,1
U001074,3.0,0.0,0
U006747,2.0,0.0,0
U002437,3.5,0.0,1
U004058,3.6666666666666665,0.3333333333333333,1
U000886,4.0,0.6666666666666666,1
U001295,3.0,1.0,0
U005398,3.0,0.0,0
U004729,4.5,0.0,2
U001737,3.25,1.0,1
U001772,4.0,0.0,2
U001778,4.0,1.0,2
U000262,3.3333333333333335,1.6666666666666667,1
U003297,4.0,0.0,2
U009461,4.0,1.0,2
U007399,3.0,1.0,0
U006290,4.333333333333333,0.3333333333333333,1
U002593,3.0,0.75,1
U004978,3.5,1.0,1
U000643,4.0,2.0,2
U008012,5.0,0.5,2
U001340,3.0,1.0,1
U005821,3.3333333333333335,0.0,1
U009842,4.0,0.5,1
U006043,5.0,0.0,2
U002244,3.0,1.5,0
U001933,2.0,1.0,0
U007702,4.0,1.0,2
U009176,3.0,0.5,0
U001043,3.6666666666666665,0.3333333333333333,1
U002315,3.0,0.5,1
U008283,4.0,0.0,1
U002657,3.4,0.8,1
U006441,3.0,0.6666666666666666,1
U006058,4.0,1.0,2
U005171,3.8,0.6,1
U008629,4.0,0.0,2
U002024,2.0,0.0,0
U002977,2.75,0.5,1
U007933,2.5,0.25,1
U009744,3.6666666666666665,0.0,1
U004002,4.0,0.3333333333333333,1
U004643,2.5,1.0,0
U000003,4.5,0.0,2
U000694,2.0,0.0,0
U009444,4.0,0.0,2
U008127,3.75,0.5,1
U002395,4.0,0.0,2
U008024,4.0,1.0,1
U007414,2.5,0.5,0
U002257,4.0,0.0,2
U001166,2.0,0.0,0
U003472,3.6666666666666665,0.0,1
U009400,4.0,1.0,2
U008148,4.0,0.3333333333333333,1
U009758,2.0,0.5,1
U001818,2.5,0.0,0
U001746,2.0,1.0,0
U002965,5.0,0.0,2
U007900,4.0,0.0,2
U002494,3.0,0.0,0
U004519,4.5,1.0,2
U003503,5.0,2.0,2
U002511,5.0,1.0,2
U004000,5.0,1.0,2
U005808,4.333333333333333,0.3333333333333333,1
U008727,3.6,0.4,1
U006673,4.0,0.75,1
U007324,3.25,0.75,1
U005744,4.0,0.5,2
U009196,3.0,0.5,0
U004735,3.3333333333333335,0.3333333333333333,1
U009832,3.75,0.0,1
U009257,3.3333333333333335,0.6666666666666666,1
U005310,4.0,0.0,2
U001817,4.0,0.0,2
U002446,3.3333333333333335,0.6666666666666666,1
U004806,4.0,0.75,1
U009697,5.0,0.0,2
U003402,3.5,0.5,0
U005875,3.0,0.0,0
U000083,2.0,2.0,0
U006240,5.0,0.5,2
U009652,3.0,0.0,0
U006588,4.333333333333333,0.3333333333333333,1
U000218,5.0,1.0,2
U006106,4.0,0.0,2
U006921,3.142857142857143,0.42857142857142855,1
U006302,3.6666666666666665,0.6666666666666666,1
U000390,4.5,0.5,2
U008593,4.0,0.6666666666666666,1
U003991,3.3333333333333335,0.0,1
U005562,4.0,0.6666666666666666,1
U009505,3.0,0.3333333333333333,1
U007998,3.5,0.5,0
U003173,2.5,0.0,0
U007283,4.0,0.0,2
U000924,4.5,0.0,2
U003038,5.0,1.0,2
U007844,4.0,0.0,2
U007061,4.0,0.0,2
U001862,3.0,0.0,0
U008239,2.0,1.0,0
U002913,4.0,2.0,2
U001241,5.0,2.0,2
U000514,3.5,0.0,0
U008570,3.0,0.3333333333333333,1
U007382,3.6666666666666665,0.3333333333333333,1
U007069,4.0,0.25,1
U001992,3.0,1.0,0
U002953,3.2,0.6,1
U003421,3.0,1.0,0
U005446,1.3333333333333333,0.6666666666666666,0
U001508,4.0,0.5,2
U000490,3.0,1.5,0
U001431,5.0,1.0,2
U004174,3.0,1.0,0
U006022,3.0,0.0,0
U005780,4.0,0.0,1
U002321,4.5,1.5,2
U004377,5.0,0.5,2
U001433,2.5,0.0,0
U001417,2.6666666666666665,0.3333333333333333,1
U006300,2.0,0.0,0
U008109,3.3333333333333335,0.3333333333333333,1
U009810,2.75,0.25,1
U006557,3.0,1.0,1
U009271,3.3333333333333335,0.3333333333333333,1
U009414,4.2,0.6,1
U002159,5.0,0.0,2
U008213,3.5,1.0,0
U005608,4.0,0.25,1
U000117,3.0,0.0,0
U008065,4.0,1.5,2
U008192,4.0,0.3333333333333333,1
U003728,2.5,1.0,0
U002663,4.0,1.0,2
U008876,5.0,0.0,2
U006228,3.0,0.5,0
U006072,4.5,0.0,2
U000695,3.25,0.25,1
U008203,4.0,0.0,2
U000704,3.6,0.6,1
U001692,4.5,0.5,2
U006658,3.0,0.0,0
U002684,1.0,0.0,0
U005989,4.0,0.0,2
U001286,4.0,0.5,2
U007024,3.6666666666666665,0.6666666666666666,1
U000394,3.0,0.0,0
U009764,3.25,1.25,1
U008924,2.0,1.0,0
U006375,3.0,1.0,0
U006669,3.0,0.0,0
U008479,3.0,1.0,0
U002347,3.3333333333333335,0.3333333333333333,1
U002414,3.6666666666666665,0.0,1
U004504,4.0,1.0,2
U009968,4.0,0.0,2
U009308,4.0,0.0,2
U002528,3.5,1.0,0
U008001,4.0,0.0,2
U001069,5.0,0.0,2
U009362,3.0,0.0,0
U008113,4.0,0.5,2
U006817,4.666666666666667,0.5,1
U000890,3.0,1.5,0
U005685,2.0,0.0,0
U001067,3.4,0.6,1
U002739,4.0,0.0,2
U002302,4.0,1.0,1
U003973,3.5,0.0,0
U005305,3.0,2.0,0
U004238,3.5,0.5,0
U002290,2.25,0.75,1
U007197,3.75,0.5,1
U002927,5.0,0.0,2
U000539,2.5,0.0,0
U000675,5.0,1.0,2
U005966,3.5,1.0,1
U003757,3.0,0.0,0
U006663,4.333333333333333,0.0,1
U000208,3.5,0.5,0
U002264,1.5,1.0,0
U008234,3.0,0.0,0
U006358,3.3333333333333335,1.0,1
U008464,3.0,0.25,1
U003486,4.0,0.0,2
U007257,5.0,0.0,2
U006757,3.0,0.6666666666666666,1
U001005,1.0,0.0,0
U004646,3.6666666666666665,1.0,1
U008636,4.0,1.0,2
U007127,3.0,0.5,0
U000607,5.0,1.5,2
U009083,4.0,0.0,2
U004297,3.5,0.5,0
U001962,3.0,1.0,0
U006242,5.0,0.0,2
U002898,2.5,0.5,0
U004927,2.5,0.0,0
U006934,3.0,0.0,1
U001297,3.0,0.0,0
U004575,4.0,0.6,1
U009489,3.75,0.5,1
U000972,3.3333333333333335,0.0,1
U001540,3.3333333333333335,1.0,1
U007162,2.0,0.0,0
U007617,3.3333333333333335,0.6666666666666666,1
U006712,3.5,0.5,0
U004256,3.6666666666666665,0.3333333333333333,1
U001543,2.0,0.5,0
U008697,4.0,0.0,2
U005218,3.25,0.5,1
U005906,3.0,0.0,0
U003563,2.5,0.0,0
U003739,3.5,1.0,0
U008633,1.0,2.0,0
U001910,3.0,1.0,0
U004831,3.0,0.0,0
U002350,3.0,0.5,0
U009361,4.0,1.0,2
U000971,2.5,1.0,0
U002840,4.0,0.0,2
U001428,5.0,0.0,2
U002820,5.0,0.0,2
U009884,5.0,0.0,2
U001688,4.0,1.0,2
U000189,1.0,0.0,0
U001762,2.6666666666666665,0.3333333333333333,1
U003583,4.333333333333333,0.3333333333333333,1
U002360,4.25,0.25,1
U001404,3.25,0.5,1
U002404,4.0,0.3333333333333333,1
U001362,4.0,2.0,2
U007912,3.0,1.0,0
U000800,3.6666666666666665,0.3333333333333333,1
U001731,3.6666666666666665,0.0,1
U002485,4.0,0.6666666666666666,1
U002756,2.3333333333333335,1.0,1
U009167,4.0,0.0,1
U000085,4.0,0.0,2
U008401,2.0,1.0,0
U006028,4.5,0.5,2
U005815,3.4285714285714284,0.2857142857142857,1
U009604,2.5,1.0,0
U006285,4.5,0.5,2
U002114,3.4444444444444446,0.2222222222222222,1
U005291,5.0,1.0,2
U007465,3.0,1.0,0
U000022,4.0,0.6666666666666666,1
U003619,4.0,1.0,2
U005956,4.5,0.5,2
U009974,2.0,1.0,0
U000820,3.0,0.0,0
U009321,3.0,1.0,0
U002890,5.0,2.0,2
U002039,3.75,0.0,1
U004817,4.4,0.8,1
U002752,3.0,1.0,0
U003840,3.5,0.0,0
U003702,4.0,1.0,2
U006050,4.333333333333333,0.0,1
U004163,3.5,0.75,1
U002847,4.333333333333333,0.0,1
U006755,5.0,0.0,2
U001357,3.0,0.5,0
U002710,2.5,0.0,0
U006955,3.0,0.0,0
U000066,4.0,0.0,2
U009894,2.0,0.0,0
U004545,3.0,1.5,0
U003975,5.0,2.0,2
U002773,3.6,0.8,1
U009265,2.0,0.5,0
U006581,2.3333333333333335,0.0,1
U007440,3.0,0.0,0
U000906,2.0,0.0,0
U006392,4.0,0.0,2
U000582,3.0,0.5,0
U004718,3.0,0.0,0
U006873,5.0,1.0,2
U001968,3.75,0.75,1
U006225,3.6666666666666665,0.3333333333333333,1
U006506,3.5,0.25,1
U001890,2.6666666666666665,0.3333333333333333,1
U008912,5.0,0.0,2
U008147,2.0,0.0,0
U003423,3.0,0.0,0
U000235,3.0,2.0,0
U002285,4.0,0.0,2
U008498,1.0,1.0,0
U006526,3.6666666666666665,0.0,1
U003646,3.0,0.6666666666666666,1
U006789,3.0,1.5,0
U007730,5.0,1.0,2
U000894,5.0,0.0,2
U003730,3.0,1.0,0
U000192,2.6666666666666665,1.0,1
U002517,3.0,0.5,0
U008934,1.0,0.0,0
U006445,2.6666666666666665,0.3333333333333333,1
U000005,4.0,1.0,2
U006457,4.0,0.0,2
U009282,3.6,0.2,1
U006154,3.0,0.0,0
U006076,4.5,0.0,2
U003163,5.0,1.0,2
U003836,3.6666666666666665,0.6666666666666666,1
U006626,3.0,1.0,0
U009006,5.0,0.0,2
U007143,1.0,1.0,0
U006602,4.0,0.0,2
U003564,4.0,1.0,1
U003231,4.0,0.0,2
U000784,2.75,0.75,1
U007304,4.5,0.0,2
U001936,3.3333333333333335,0.0,1
U005335,2.6666666666666665,0.3333333333333333,1
U001383,4.25,1.0,1
U004937,4.0,0.5,1
U004204,3.3333333333333335,0.3333333333333333,1
U005297,3.0,2.0,0
U003458,3.0,0.0,1
U009437,3.0,0.0,0
U005406,4.0,1.0,2
U008345,3.0,0.0,1
U004576,5.0,0.0,2
U005409,3.0,0.0,0
U002635,4.0,0.3333333333333333,1
U007291,2.3333333333333335,1.0,1
U008171,3.5,0.5,0
U003699,5.0,0.0,2
U007163,4.333333333333333,1.0,1
U007228,2.0,2.0,0
U005599,4.5,1.5,2
U009391,5.0,0.0,2
U006880,3.0,1.0,0
U007388,4.0,0.0,2
U007562,5.0,0.0,2
U001995,4.0,0.0,2
U005878,1.0,2.0,0
U000010,3.4,0.0,1
U008136,4.0,0.6666666666666666,1
U000561,4.0,0.5,2
U003910,3.0,0.3333333333333333,1
U000957,4.0,0.0,2
U002649,2.8333333333333335,0.6666666666666666,1
U009826,3.5,0.5,1
U005702,3.111111111111111,0.3333333333333333,1
U009920,3.0,0.0,0
U003581,4.0,0.0,2
U000482,4.5,0.0,2
U008755,3.3333333333333335,0.6666666666666666,1
U001399,4.0,0.0,2
U004275,4.0,0.5,2
U001223,3.5,0.25,1
U007422,5.0,0.0,2
U009691,4.0,0.0,2
U003395,3.1666666666666665,0.8333333333333334,1
U004625,4.0,0.0,2
U009370,3.6666666666666665,1.0,1
U004157,3.0,1.0,1
U004671,3.3333333333333335,0.6666666666666666,1
U009332,5.0,0.0,2
U001216,3.6666666666666665,0.5,1
U001501,4.0,0.25,1
U000850,2.0,2.0,0
U004190,5.0,0.0,2
U002339,4.0,0.0,2
U000940,4.5,1.0,2
U002775,3.3333333333333335,0.0,1
U004568,3.5,0.0,0
U001002,5.0,0.0,2
U000703,2.0,1.0,0
U003775,3.0,1.0,0
U002979,2.0,0.0,0
U003156,5.0,0.0,2
U007800,5.0,0.0,2
U003612,4.0,2.0,2
U007394,3.0,1.0,0
U002006,5.0,0.0,2
U004732,3.3333333333333335,0.6666666666666666,1
U004272,5.0,1.0,2
U006566,3.0,0.0,0
U006844,3.5,1.5,0
U007897,3.25,0.5,1
U004501,3.75,0.25,1
U000188,4.333333333333333,0.0,1
U001335,2.6666666666666665,0.6666666666666666,1
U006803,3.6666666666666665,0.0,1
U005485,3.0,0.0,0
U009659,2.0,2.0,0
U004294,4.0,0.0,1
U006525,3.0,0.0,0
U002610,1.5,0.5,0
U005148,3.6666666666666665,0.3333333333333333,1
U006397,5.0,1.0,2
U004849,4.0,0.6,1
U004043,2.5,0.75,1
U007479,3.3333333333333335,0.3333333333333333,1
U006085,3.6666666666666665,0.3333333333333333,1
U001909,5.0,0.0,2
U006695,1.0,0.0,0
U008956,4.0,0.0,1
U006942,3.6666666666666665,0.0,1
U009834,5.0,0.0,2
U002519,4.5,0.0,2
U009022,3.6,0.8,1
U000538,4.0,1.0,2
U007744,3.5,0.0,0
U000506,3.0,0.0,0
U006460,3.0,2.0,0
U003819,2.5,1.0,0
U005152,5.0,0.0,2
U006819,2.0,1.0,0
U004811,5.0,1.0,2
U007423,3.5,1.0,0
U002213,5.0,0.0,2
U000026,3.5,1.0,0
U009510,3.5,0.5,0
U007610,3.0,0.3333333333333333,1
U005332,4.0,0.5,1
U002695,3.4,0.0,1
U000157,2.7142857142857144,0.14285714285714285,1
U007564,4.0,0.0,2
U003053,3.0,2.0,0
U009005,1.0,1.0,0
U009711,3.75,0.75,1
U004309,1.0,0.0,0
U009068,2.0,0.5,0
U003996,4.5,0.5,2
U004285,3.5,0.75,1
U008929,5.0,0.0,2
U009341,3.0,0.5,0
U006786,5.0,2.0,2
U006354,2.0,1.0,0
U004793,4.0,0.0,2
U003491,5.0,0.0,2
U000822,5.0,2.0,2
U006078,3.0,0.0,1
U009402,4.0,0.5,2
U001050,3.5,0.5,0
U000508,5.0,0.0,2
U004124,4.0,0.0,2
U009592,4.0,1.0,2
U006246,3.5,1.0,0
U006628,2.0,0.0,0
U007818,5.0,0.5,2
U005996,3.0,0.0,0
U009057,3.0,0.0,0
U004895,3.0,0.0,0
U000773,3.0,0.0,0
U005028,3.0,2.0,0
U007386,3.0,0.6666666666666666,1
U006670,2.0,2.0,0
U001530,4.0,1.2,1
U009796,4.0,0.0,2
U003982,4.0,0.0,2
U000649,3.0,0.0,0
U000318,4.4,0.4,1
U007660,4.0,0.0,2
U006978,4.0,0.0,2
U000688,4.0,0.5,2
U009901,4.0,0.5,1
U007499,4.0,0.6,1
U007825,3.0,1.0,0
U005606,2.0,1.0,0
U007952,4.0,1.0,2
U001225,3.6,0.4,1
U006943,2.5,1.5,0
U004317,3.5,0.0,0
U003748,5.0,0.0,2
U008520,5.0,1.0,2
U000692,3.0,0.0,0
U005273,4.5,0.0,2
U005451,5.0,1.0,2
U007769,3.0,0.0,0
U007710,3.0,0.0,0
U008616,2.0,1.0,0
U003380,3.6666666666666665,1.0,1
U006444,2.0,1.0,0
U005503,4.0,1.0,2
U003608,5.0,0.0,2
U008206,3.0,0.0,0
U004470,4.0,0.5,2
U008661,1.5,0.0,0
U006400,4.0,0.0,2
U001097,5.0,0.0,2
U009941,3.2,0.6,1
U009953,3.6666666666666665,1.0,1
U003644,2.5,0.5,0
U003967,3.4,0.4,1
U008745,4.333333333333333,0.3333333333333333,1
U002682,3.6666666666666665,0.6666666666666666,1
U006272,4.333333333333333,0.6666666666666666,1
U006904,3.2,1.0,1
U003413,4.0,0.0,2
U002540,2.6666666666666665,0.3333333333333333,1
U006919,4.0,0.0,2
U004109,4.0,0.0,2
U004083,3.3333333333333335,0.0,1
U004607,3.0,0.3333333333333333,1
U006864,3.4,0.4,1
U004799,3.0,1.0,0
U001453,3.25,1.0,1
U002462,4.0,1.0,2
U002015,4.0,1.0,2
U007064,2.5,0.5,0
U002685,2.5,0.5,0
U004551,3.5,0.0,0
U007578,3.6666666666666665,1.0,1
U008491,4.333333333333333,0.3333333333333333,1
U002009,4.0,1.0,2
U004153,4.0,0.5,2
U009719,3.0,0.0,0
U006772,4.0,1.0,2
U000205,3.0,1.0,0
U004034,3.0,1.0,0
U001001,5.0,0.0,2
U001923,3.5,1.5,0
U005934,2.0,0.0,0
U003857,3.0,0.0,0
U005570,3.6666666666666665,1.3333333333333333,1
U003630,3.0,0.0,1
U002498,3.0,0.3333333333333333,1
U004044,4.5,0.5,2
U009995,4.0,0.0,2
U001577,2.0,0.0,0
U001509,4.5,0.75,1
U008563,3.0,0.5,1
U001681,4.5,1.5,2
U004080,2.0,0.0,0
U007480,4.0,0.0,2
U003620,3.5,0.0,0
U007698,4.0,1.0,2
U007220,3.0,0.0,0
U000803,4.0,1.0,2
U003329,2.0,0.0,0
U003794,4.0,1.0,2
U000793,3.0,1.5,0
U005725,5.0,2.0,2
U003971,3.0,0.75,1
U001763,3.0,0.0,0
U006409,4.0,0.0,2
U009289,5.0,2.0,2
U009161,2.0,2.0,0
U009529,5.0,0.0,2
U002999,2.5,0.0,0
U000517,4.5,0.0,2
U007474,2.5,0.5,0
U000630,2.0,0.0,0
U002004,5.0,0.0,2
U007986,3.0,1.0,0
U000456,3.7142857142857144,0.2857142857142857,1
U001329,5.0,0.5,2
U007321,3.3333333333333335,0.6666666666666666,1
U002841,2.6666666666666665,0.0,1
U008156,3.6666666666666665,1.3333333333333333,1
U001303,4.5,0.0,2
U008757,3.0,0.0,0
U007277,4.0,0.0,2
U009190,4.75,0.25,1
U008856,3.5,0.5,1
U005525,3.3333333333333335,0.0,1
U000937,4.0,0.6666666666666666,1
U006964,3.5,1.0,0
U009517,3.0,2.0,0
U008248,3.75,0.75,1
U001451,4.5,0.0,2
U000664,4.0,0.0,1
U006642,4.0,2.0,2
U002885,3.0,0.3333333333333333,1
U003227,2.6,0.4,1
U006099,3.0,0.3333333333333333,1
U008016,4.0,0.0,2
U008417,3.5,0.5,0
U008504,3.0,1.0,0
U002518,4.333333333333333,1.0,1
U003424,4.0,2.0,2
U005805,3.5,0.0,0
U009453,3.75,0.375,1
U001072,4.0,1.0,1
U000175,3.6666666666666665,0.3333333333333333,1
U006765,3.5,0.0,0
U000741,3.0,0.5,0
U009840,3.8,0.4,1
U000987,4.0,1.0,2
U000904,3.0,1.0,0
U004370,2.75,0.5,1
U002829,4.0,0.0,2
U003671,3.3333333333333335,0.6666666666666666,1
U006574,4.333333333333333,0.0,1
U001713,4.0,0.0,2
U007761,5.0,1.0,2
U003307,3.3333333333333335,0.3333333333333333,1
U001164,1.0,0.0,0
U009681,4.0,1.0,2
U009089,3.75,0.75,1
U004749,3.3333333333333335,1.0,1
U003295,4.0,1.0,2
U004232,4.0,0.0,2
U009042,5.0,0.0,2
U000358,2.5,0.0,0
U003418,4.0,0.3333333333333333,1
U005322,2.0,0.0,0
U008042,3.3333333333333335,0.3333333333333333,1
U007489,2.0,1.0,0
U001117,3.0,0.5,0
U002241,1.0,1.0,0
U004365,4.0,0.0,2
U004041,2.5,1.5,0
U004591,3.5,0.0,0
U000475,5.0,1.0,2
U000462,3.6666666666666665,0.6666666666666666,1
U004983,4.5,1.0,2
U002221,3.5,0.0,0
U008159,3.5,1.25,1
U005967,3.0,1.0,0
U003843,4.0,0.0,2
U002934,2.0,0.0,0
U005565,3.25,0.0,1
U003539,3.0,0.3333333333333333,1
U000115,3.6666666666666665,0.0,1
U001376,3.0,0.2,1
U003042,4.0,0.6666666666666666,1
U006104,3.0,0.6666666666666666,1
U008352,1.0,0.0,0
U003598,3.5,0.0,0
U009193,3.5,0.0,0
U004105,3.3333333333333335,1.0,1
U002938,4.5,1.0,2
U005841,3.0,0.5,0
U001979,3.0,2.0,0
U004055,4.666666666666667,0.0,1
U001870,2.0,0.0,0
U008777,3.0,0.0,0
U005531,3.6666666666666665,0.6666666666666666,1
U002032,5.0,0.0,2
U006116,3.0,0.0,0
U005638,5.0,1.0,2
U008083,3.0,0.0,0
U006194,3.0,1.0,0
U006709,4.5,0.0,2
U007109,4.0,0.0,2
U002488,4.0,0.0,2
U004905,4.0,1.0,2
U003245,3.0,2.0,0
U007961,4.0,0.3333333333333333,1
U009007,4.8,0.2,1
U009408,3.6666666666666665,0.6666666666666666,1
U005629,3.0,0.0,1
U003692,4.0,0.75,1
U004882,3.0,0.0,1
U002814,4.0,0.0,1
U006425,3.0,0.0,0
U005183,4.5,0.25,1
U004459,3.6666666666666665,0.3333333333333333,1
U009828,4.0,2.0,2
U006522,3.5,0.0,0
U008794,2.5,1.5,0
U000986,5.0,0.0,2
U006766,3.6666666666666665,0.3333333333333333,1
U000136,2.6666666666666665,0.3333333333333333,1
U008821,5.0,1.0,2
U002753,2.6666666666666665,1.3333333333333333,1
U006813,3.25,0.75,1
U002202,4.333333333333333,0.3333333333333333,1
U004717,2.5,1.0,1
U000437,3.0,0.0,0
U009970,3.5,0.0,0
U004481,3.5,1.0,0
U007572,4.0,0.0,2
U002231,3.25,0.5,1
U007717,3.3333333333333335,0.6666666666666666,1
U000364,3.0,0.0,0
U009172,3.0,0.0,0
U001088,4.0,1.0,2
U008613,4.0,0.0,1
U007865,3.5,0.0,0
U004279,4.0,0.0,2
U008816,2.0,0.0,0
U002086,4.0,0.6666666666666666,1
U003253,4.5,0.0,2
U006567,2.0,0.0,0
U000319,4.0,0.0,2
U009807,5.0,1.0,2
U007902,4.0,0.5,2
U004254,3.0,1.0,0
U000642,2.8,0.8,1
U004013,4.0,0.0,1
U006635,4.25,0.5,1
U002920,3.5,1.5,0
U001868,2.0,0.0,0
U003721,4.75,0.5,1
U003824,2.0,2.0,0
U007889,3.5,0.0,0
U004097,3.0,0.0,0
U007327,3.5,0.0,1
U003379,5.0,1.0,2
U006158,4.0,2.0,2
U003265,1.0,0.0,0
U006169,2.5,0.0,0
U005602,3.6666666666666665,1.3333333333333333,1
U007013,2.0,1.0,0
U004721,2.0,1.0,0
U006668,3.0,0.0,0
U004326,4.5,0.5,2
U007787,3.0,1.0,0
U001787,5.0,2.0,2
U004971,3.0,0.0,0
U007987,5.0,0.5,2
U001007,3.0,0.0,0
U004658,5.0,1.0,2
U004586,3.5,1.0,0
U007131,2.0,0.0,0
U008527,3.0,0.0,0
U007887,3.5,1.5,0
U004325,4.5,0.5,2
U006107,3.5,0.0,0
U009236,2.25,1.0,1
U002609,4.0,0.0,2
U001581,4.333333333333333,0.0,1
U008775,2.5,0.5,0
U008338,4.333333333333333,0.0,1
U004697,2.0,0.0,0
U008919,4.666666666666667,1.0,1
U009016,4.5,0.75,1
U005058,3.75,0.25,1
U006539,3.5,0.8333333333333334,1
U003924,4.0,2.0,2
U006177,3.0,0.0,0
U005819,3.5,0.5,0
U001472,4.5,0.0,2
U002095,4.0,0.0,1
U009731,4.0,0.0,2
U003930,1.0,0.0,0
U002145,3.0,0.0,0
U007784,5.0,0.5,2
U009219,3.25,0.0,1
U005768,1.0,0.0,0
U001158,5.0,1.0,2
U003304,5.0,2.0,2
U004522,3.6666666666666665,1.0,1
U008507,3.0,0.0,0
U003958,5.0,1.0,2
U009782,3.0,1.0,0
U009727,4.0,1.0,2
U005610,3.6,0.2,1
U001718,3.5,0.75,1
U005721,4.166666666666667,0.3333333333333333,1
U000088,3.0,0.6666666666666666,1
U005781,4.0,0.25,1
U007930,3.0,0.5,1
U001492,3.0,0.75,1
U005424,4.5,0.0,2
U005963,4.5,0.0,2
U003912,3.6666666666666665,0.3333333333333333,1
U007077,3.5,0.5,0
U001250,3.6666666666666665,1.0,1
U003617,4.333333333333333,0.3333333333333333,1
U003410,3.0,0.0,0
U008808,4.0,2.0,2
U000270,4.0,0.0,2
U008894,2.0,0.0,0
U009879,3.0,1.0,0
U000599,3.0,0.6666666666666666,1
U000466,3.0,0.5,0
U005962,4.0,1.0,2
U002033,4.0,0.0,2
U004663,3.6666666666666665,0.3333333333333333,1
U002640,3.0,0.0,0
U002760,2.0,0.0,0
U009112,4.5,0.0,2
U005247,5.0,1.0,2
U005220,3.0,0.0,0
U008442,5.0,1.0,2
U000902,3.0,0.0,0
U006627,3.0,0.5,1
U009165,3.5,0.0,0
U004404,2.75,0.5,1
U009642,4.75,0.75,1
U008770,2.0,1.3333333333333333,0
U009494,4.0,0.0,2
U003452,4.0,2.0,2
U005259,3.0,0.0,0
U004308,4.0,1.0,2
U002084,5.0,1.0,2
U009710,3.0,0.0,0
U001457,1.0,1.0,0
U005548,3.0,0.0,0
U006055,4.5,0.0,2
U001046,3.6666666666666665,0.3333333333333333,1
U008006,3.0,0.3333333333333333,1
U004925,2.3333333333333335,0.0,1
U003301,3.3333333333333335,0.0,1
U005868,4.0,0.0,2
U004091,4.0,0.5,2
U009857,3.25,0.25,1
U005355,4.0,0.5,2
U008967,3.3333333333333335,0.6666666666666666,1
U002427,5.0,0.0,2
U006183,4.0,0.0,2
U002888,3.75,0.25,1
U009654,2.0,0.0,0
U006255,3.2,0.2,1
U008789,4.0,1.0,2
U009856,3.25,0.25,1
U007192,3.0,0.0,0
U004102,3.0,0.0,0
U005659,2.0,0.0,0
U002770,4.0,0.0,2
U001963,5.0,1.0,2
U002156,3.25,0.75,1
U008004,3.6,0.4,1
U004583,3.5,0.5,0
U000372,4.0,0.6666666666666666,1
U002453,3.3333333333333335,0.6666666666666666,1
U002291,2.3333333333333335,0.3333333333333333,1
U004045,2.6,0.8,1
U000343,2.5,1.0,0
U000371,4.0,0.3333333333333333,1
U004237,4.0,0.0,2
U004434,2.0,0.0,0
U007927,4.0,0.0,2
U006326,4.333333333333333,0.3333333333333333,1
U008721,3.0,1.0,0
U001510,2.3333333333333335,0.6666666666666666,1
U001837,4.0,0.0,2
U009415,3.0,0.4,1
U009858,3.0,1.0,0
U000857,3.0,0.0,0
U008403,4.0,0.3333333333333333,1
U000432,4.333333333333333,0.3333333333333333,1
U007025,4.0,0.0,2
U008947,5.0,0.0,2
U007974,1.0,0.0,0
U001556,2.0,1.0,0
U008137,4.0,0.0,2
U005600,3.5,0.0,0
U000836,3.0,1.0,0
U000405,3.0,0.0,0
U009349,3.3333333333333335,1.3333333333333333,1
U003375,2.5,0.25,1
U008562,2.6666666666666665,0.3333333333333333,1
U002044,4.0,0.0,2
U007731,3.75,0.75,1
U006720,5.0,0.0,2
U005263,4.0,0.8,1
U005752,4.0,0.0,1
U007159,3.75,0.0,1
U000368,4.25,0.0,1
U009120,4.0,0.0,2
U004181,4.0,0.0,1
U001160,4.0,0.5,2
U004225,2.3333333333333335,0.3333333333333333,1
U004571,3.5,0.0,0
U008977,2.5,0.5,0
U001151,3.5,0.5,1
U004031,4.0,0.8,1
U004036,4.0,0.0,2
U005778,3.0,0.0,0
U004405,4.333333333333333,0.3333333333333333,1
U001122,3.5,0.5,0
U004445,3.5,0.5,0
U000919,4.0,2.0,2
U003831,3.0,1.0,0
U009737,5.0,1.0,2
U001507,4.0,0.0,2
U007079,5.0,1.0,2
U004579,3.0,0.0,0
U009466,3.0,0.0,0
U006990,4.0,0.0,2
U007886,4.0,0.0,2
U004959,4.0,2.0,2
U008476,4.5,0.0,2
U001871,5.0,0.0,2
U003145,4.666666666666667,0.3333333333333333,1
U001626,4.0,1.0,1
U001797,3.0,0.5,0
U006446,3.6666666666666665,0.6666666666666666,1
U008525,3.0,0.0,0
U008226,4.4,0.6,1
U007613,4.2,0.2,1
U006858,2.0,2.0,0
U009131,3.5,0.5,1
U002048,3.0,0.5,0
U005373,3.8,0.6,1
U004071,2.0,0.0,0
U000024,2.0,0.0,0
U005104,2.0,0.0,0
U006849,3.6666666666666665,0.0,1
U006180,2.5,0.5,0
U006467,3.0,0.5,0
U009504,3.5,0.0,0
U003625,4.0,0.0,2
U002856,3.6666666666666665,1.0,1
U008764,4.0,1.0,2
U003548,2.0,0.0,0
U009157,5.0,0.0,2
U005177,3.0,0.75,1
U006956,2.5,0.5,0
U001585,4.0,0.0,2
U004511,4.0,1.0,2
U009892,3.3333333333333335,1.3333333333333333,1
U003923,4.2,0.4,1
U002828,3.6666666666666665,1.0,1
U009986,2.0,0.0,0
U001449,2.5,0.0,0
U001795,5.0,0.5,2
U008730,2.5,1.0,0
U006139,3.0,1.0,0
U007004,3.3333333333333335,0.6666666666666666,1
U008461,2.0,0.0,0
U002013,3.3333333333333335,0.3333333333333333,1
U001381,3.1666666666666665,0.0,1
U006823,3.0,1.0,1
U007481,5.0,1.0,2
U003463,3.0,0.0,0
U008641,4.0,0.0,2
U000591,4.5,0.0,2
U004818,3.6666666666666665,1.3333333333333333,1
U005559,5.0,0.0,2
U007841,3.0,0.0,0
U006569,3.0,1.0,0
U007128,3.0,2.0,0
U005700,3.0,0.0,0
U007704,3.6,0.0,1
U001322,3.6,0.2,1
U004636,3.3333333333333335,0.3333333333333333,1
U008288,3.0,2.0,0
U001843,4.0,0.25,1
U004264,3.5,0.0,0
U007260,4.0,1.0,2
U006830,2.8333333333333335,0.3333333333333333,1
U006321,3.5,0.5,0
U009573,4.0,0.5,2
U003806,3.0,0.0,0
U008494,3.0,0.6666666666666666,1
U005871,3.5,0.0,0
U009164,3.0,1.0,0
U007918,2.0,1.0,0
U005881,3.75,0.0,1
U006580,3.0,1.0,0
U000573,1.0,1.0,0
U001077,3.5,1.5,0
U006295,4.0,0.5,2
U002313,2.5,1.0,0
U000976,5.0,1.0,2
U008287,3.0,0.0,0
U000961,4.0,0.5,2
U002126,3.0,0.6666666666666666,1
U000301,2.0,0.5,1
U006454,3.3333333333333335,0.0,1
U003529,3.5,0.0,0
U002501,3.5,1.0,0
U000338,4.5,0.0,2
U000618,3.0,0.0,0
U001777,4.5,1.0,2
U009413,3.0,0.0,0
U006002,2.0,0.0,0
U005063,2.0,0.0,0
U008923,3.0,1.0,0
U007447,4.0,0.0,2
U000489,3.0,0.0,0
U000979,4.0,0.0,2
U005838,3.5,0.0,0
U008058,2.5,0.75,1
U005048,3.5,0.0,0
U007253,4.0,1.0,2
U008099,5.0,1.0,2
U009233,3.6666666666666665,0.3333333333333333,1
U006718,4.166666666666667,0.6666666666666666,1
U003474,2.5,0.0,0
U003830,2.4,0.4,1
U004686,3.5,0.0,0
U003324,3.75,0.0,1
U005992,3.0,1.0,0
U000097,4.0,0.0,2
U001926,4.0,1.0,2
U002158,4.0,0.2,1
U006029,2.6666666666666665,0.3333333333333333,1
U000142,3.0,0.6666666666666666,1
U001623,3.5,0.5,0
U009883,4.5,0.0,2
U003716,3.3333333333333335,0.6666666666666666,1
U006937,2.5,1.5,0
U008615,2.5,0.5,0
U007111,1.0,1.0,0
U006866,4.0,0.0,2
U007358,3.3333333333333335,0.5,1
U004061,4.5,0.5,2
U009460,3.0,0.0,0
U008236,3.25,1.0,1
U005791,4.0,0.0,2
U006863,2.5,0.5,0
U008068,3.0,1.0,1
U006092,4.0,0.5,2
U009048,3.0,0.6666666666666666,1
U008350,4.0,0.0,2
U005193,3.5,0.5,0
U005124,4.0,2.0,2
U008093,5.0,2.0,2
U008916,4.0,0.0,2
U008433,3.0,0.0,0
U007985,5.0,1.0,2
U000036,3.3333333333333335,0.3333333333333333,1
U009145,3.5,0.75,1
U008104,2.0,0.5,0
U009648,3.6666666666666665,0.3333333333333333,1
U004463,3.5,0.5,0
U007741,4.0,0.0,2
U009813,4.0,0.3333333333333333,1
U001136,3.0,0.0,1
U001006,4.0,0.5,2
U005515,2.5,0.0,0
U008902,4.0,1.0,2
U003810,3.25,0.75,1
U001262,4.0,0.0,2
U008292,2.3333333333333335,0.6666666666666666,1
U006093,3.25,0.75,1
U006989,3.0,0.0,0
U003674,3.0,1.0,0
U000955,3.6,0.2,1
U001408,4.0,2.0,2
U007777,3.6,0.8,1
U003331,3.0,1.0,0
U000031,5.0,0.0,2
U009990,3.0,0.5,0
U002094,2.0,0.0,0
U005915,5.0,1.0,2
U002644,4.333333333333333,1.6666666666666667,1
U009146,4.0,1.0,2
U006514,3.0,1.0,0
U005978,3.25,0.25,1
U003471,2.3333333333333335,0.6666666666666666,1
U007392,3.6666666666666665,1.3333333333333333,1
U000170,5.0,0.5,2
U000018,4.0,0.0,2
U002763,4.0,0.0,2
U006959,3.0,0.0,0
U009675,3.0,0.0,0
U006017,2.0,0.0,0
U008121,4.0,0.0,2
U008539,4.5,1.5,2
U001833,3.75,0.25,1
U001768,3.5,0.5,1
U005507,3.75,0.25,1
U003160,4.0,0.0,2
U004206,4.5,0.5,1
U006694,3.6666666666666665,0.3333333333333333,1
U009262,3.0,1.0,1
U004239,3.0,0.0,0
U009132,4.5,0.0,2
U001022,4.0,0.0,1
U002256,4.333333333333333,0.3333333333333333,1
U008577,3.0,0.0,0
U008484,4.5,2.0,2
U003443,2.0,0.0,0
U000503,3.0,0.0,0
U004996,3.0,0.5,0
U004842,3.0,0.0,0
U004644,3.0,0.0,0
U004659,3.25,0.25,1
U009610,2.5,0.0,0
U000198,4.0,1.5,2
U005516,2.0,0.5,0
U009433,1.0,0.0,0
U005546,5.0,2.0,2
U009964,3.0,0.0,0
U008311,4.666666666666667,0.3333333333333333,1
U000417,4.0,0.3333333333333333,1
U005021,2.8333333333333335,0.3333333333333333,1
U000347,3.5,0.5,0
U005002,4.0,1.5,2
U002139,4.0,0.3333333333333333,1
U000583,3.4,0.2,1
U007868,4.0,0.5,2
U009331,2.0,0.5,0
U003528,2.5,0.5,0
U001487,3.5,0.5,0
U008980,4.0,0.5,2
U005931,4.25,0.5,1
U003176,4.0,0.0,2
U006097,3.0,0.25,1
U006779,4.0,1.0,2
U001270,3.0,0.25,1
U009492,3.5,0.5,0
U005994,4.0,0.0,2
U008492,2.6666666666666665,0.3333333333333333,1
U007631,3.0,0.5,0
U006998,3.4,0.4,1
U000805,2.0,0.0,0
U003213,4.0,1.0,2
U002486,4.5,0.5,2
U001961,5.0,0.0,2
U009012,3.0,0.0,0
U001981,3.0,1.0,0
U002643,2.0,0.0,0
U009086,4.666666666666667,0.0,1
U004614,3.0,0.0,0
U006781,3.0,0.0,0
U005603,2.5,0.0,0
U007081,4.0,0.0,2
U001138,3.0,0.0,0
U005062,2.5,0.0,0
U002301,4.0,0.0,2
U002400,4.5,0.25,1
U001876,3.5,0.75,1
U008107,3.5,0.5,0
U002570,4.5,0.5,2
U009097,3.0,0.5,0
U003572,3.4285714285714284,1.0,1
U002949,4.0,1.0,2
U000794,3.75,0.0,1
U008681,3.0,0.0,0
U008922,3.0,0.5,0
U008284,4.0,1.0,2
U008261,3.3333333333333335,0.6666666666666666,1
U006972,3.142857142857143,1.0,1
U005212,3.0,0.0,0
U006541,2.5,0.5,0
U007235,2.5,0.5,0
U004457,2.5,1.5,0
U008509,3.2,0.6,1
U001823,2.5,0.5,0
U000038,3.0,1.0,1
U009313,3.2,0.2,1
U003313,3.0,1.0,0
U000120,3.0,0.5,0
U003044,2.0,0.0,0
U008511,2.75,0.5,1
U007379,5.0,0.0,2
U007689,3.5,0.0,0
U008400,4.0,0.5,2
U008653,3.0,0.0,0
U006113,5.0,0.0,2
U008799,4.0,1.0,2
U001541,2.6666666666666665,0.6666666666666666,1
U009410,4.5,0.5,2
U006885,3.0,0.25,1
U000682,3.5,0.0,0
U001359,3.3333333333333335,1.6666666666666667,1
U005969,3.0,0.5,0
U004335,4.285714285714286,0.5714285714285714,1
U005221,3.0,0.5,0
U008773,3.3333333333333335,0.3333333333333333,1
U006553,4.0,0.0,1
U002440,3.0,1.0,0
U003509,3.0,0.0,1
U000160,4.0,0.2,1
U001691,3.0,1.0,0
U000878,3.5,1.0,0
U001264,3.0,0.5,0
U005428,2.6666666666666665,1.6666666666666667,1
U009679,4.25,0.0,1
U006696,3.0,0.75,1
U004881,2.0,0.0,0
U006790,3.0,1.0,0
U005250,3.6666666666666665,0.3333333333333333,1
U008850,3.5,1.0,1
U009070,4.333333333333333,0.6666666666666666,1
U000291,4.0,0.25,1
U001504,4.0,0.0,2
U008366,4.0,1.0,2
U000536,4.0,0.0,2
U009601,4.0,1.0,2
U000843,3.0,0.0,1
U006075,4.5,1.0,1
U004918,5.0,0.0,2
U008410,3.0,0.0,0
U000287,4.0,0.0,2
U007888,2.0,0.0,0
U009292,4.0,2.0,2
U009189,3.0,0.5,0
U007102,5.0,0.0,2
U000763,3.6666666666666665,1.0,1
U001488,5.0,1.0,2
U004626,3.0,0.0,0
U001998,4.333333333333333,0.3333333333333333,1
U006312,2.0,0.0,0
U002969,3.4285714285714284,0.2857142857142857,1
U004455,3.0,0.0,0
U009821,5.0,0.5,2
U006314,4.0,0.0,2
U006142,3.5,0.0,0
U000759,3.3333333333333335,1.0,1
U009577,3.0,0.0,0
U002137,3.0,0.0,0
U003181,5.0,1.0,2
U000032,3.0,0.3333333333333333,1
U001621,4.0,0.0,2
U004979,3.0,1.0,0
U008836,3.0,1.0,0
U002379,4.0,0.0,2
U009588,4.0,0.0,2
U008523,5.0,1.0,2
U008656,2.0,0.0,0
U005668,5.0,1.0,2
U001520,3.0,1.0,0
U005071,3.75,0.0,1
U007243,3.3333333333333335,0.0,1
U008740,3.5,0.0,0
U007875,3.0,0.0,0
U004725,4.0,1.0,2
U001435,4.0,0.5,2
U003116,4.0,1.0,2
U006640,4.0,2.0,2
U006879,5.0,2.0,2
U009107,4.0,2.0,2
U001279,3.6666666666666665,0.3333333333333333,1
U001932,3.8,0.8,1
U008296,4.666666666666667,0.0,1
U000004,3.142857142857143,0.7142857142857143,1
U007272,4.666666666666667,0.0,1
U006490,3.25,0.5,1
U005317,4.0,1.25,1
U003782,3.0,0.6666666666666666,1
U006152,3.5,1.0,0
U003978,5.0,1.0,2
U004176,3.0,0.0,0
U001365,3.0,1.0,0
U006527,2.5,0.5,1
U005187,3.25,0.25,1
U001176,4.0,0.5,1
U002252,3.5,0.5,0
U009798,3.5,0.5,0
U000040,4.0,1.0,2
U006846,3.0,1.0,0
U006692,4.0,0.0,2
U005529,4.0,0.0,2
U007928,1.0,1.0,0
U009962,2.0,1.0,0
U007884,4.0,0.0,2
U001276,2.0,0.0,0
U007150,4.0,0.5,2
U002110,3.0,1.0,0
U008715,3.0,0.0,0
U001394,3.5,0.5,0
U005185,3.0,0.3333333333333333,1
U008119,4.0,0.0,2
U004214,3.6666666666666665,0.0,1
U004622,5.0,1.0,2
U002267,3.8333333333333335,0.5,1
U004543,5.0,0.0,2
U001300,3.0,0.6666666666666666,1
U008900,4.0,0.5,2
U007691,3.5,1.0,0
U001137,4.0,0.8,1
U000797,3.0,0.0,0
U001897,3.0,0.0,1
U006596,3.5,0.75,1
U002146,2.0,0.0,0
U005256,2.0,1.5,0
U004273,5.0,0.0,2
U006044,5.0,2.0,2
U001336,3.0,0.0,0
U004768,4.0,1.0,2
U007484,1.0,0.0,0
U005198,5.0,1.0,2
U006689,3.6666666666666665,0.3333333333333333,1
U009960,3.0,1.0,0
U001277,5.0,1.0,2
U003709,3.0,0.0,0
U005339,1.0,1.0,0
U006986,3.5,1.25,1
U003241,3.0,0.0,1
U005197,3.0,1.0,0
U001918,3.25,0.75,1
U004894,4.0,0.5,1
U009105,3.5,0.0,0
U001892,5.0,1.0,2
U002835,3.0,0.0,0
U002667,4.666666666666667,0.6666666666666666,1
U002673,4.5,0.0,2
U009203,3.75,1.0,1
U006449,3.3333333333333335,0.0,1
U003368,4.0,1.0,1
U005948,3.5,1.0,1
U002736,4.0,0.5,2
U003066,3.3333333333333335,0.0,1
U007120,4.0,0.0,2
U006019,2.0,0.0,0
U002959,2.5,1.5,0
U006704,3.0,0.75,1
U008501,4.166666666666667,0.3333333333333333,1
U005050,3.3333333333333335,1.0,1
U001287,3.75,0.25,1
U008264,3.0,2.0,0
U009435,3.0,0.0,0
U007467,4.666666666666667,0.6666666666666666,1
U000328,4.0,0.0,2
U001803,3.5,0.0,0
U001784,3.5,0.6666666666666666,1
U006318,1.8,0.2,1
U000345,3.0,1.0,1
U003124,4.0,1.0,2
U000413,3.0,0.0,0
U002100,3.5,0.0,0
U001474,2.5,0.5,0
U005260,3.0,1.0,0
U004412,3.0,1.0,0
U005330,4.0,0.5,2
U007418,4.0,0.0,2
U005450,4.0,1.0,2
U009906,1.0,2.0,0
U004952,3.0,0.0,0
U005806,4.0,0.5,1
U001112,3.5,1.0,0
U009735,2.0,0.0,0
U001686,5.0,0.0,2
U000079,4.0,0.0,2
U009260,4.5,0.0,2
U001479,3.5,0.75,1
U004994,5.0,0.0,2
U005534,4.0,0.0,2
U008717,4.0,0.6666666666666666,1
U007475,3.0,1.0,0
U007673,3.6,0.4,1
U005707,3.0,1.0,0
U005391,4.0,0.0,2
U002495,3.3333333333333335,1.0,1
U003125,3.25,0.25,1
U005392,4.5,0.0,2
U002326,4.0,0.5,2
U003711,3.75,0.5,1
U006938,2.0,0.0,0
U003900,2.5,0.0,1
U002092,5.0,1.0,2
U004213,3.25,0.5,1
U008429,5.0,0.0,2
U004266,3.6666666666666665,0.6666666666666666,1
U001712,5.0,0.0,2
U008435,4.0,2.0,2
U003738,3.0,1.0,0
U006531,4.0,0.25,1
U004755,4.0,0.0,2
U007522,3.6666666666666665,0.0,1
U005475,3.0,0.0,0
U009537,5.0,1.0,2
U008039,3.0,0.0,0
U004876,4.0,1.0,2
U009031,4.0,0.0,2
U006489,5.0,0.0,2
U000828,3.0,0.0,0
U003462,3.0,0.0,0
U000528,4.25,1.0,1
U008032,4.0,0.0,2
U002163,3.0,2.0,0
U004082,4.0,0.16666666666666666,1
U002793,3.0,1.0,0
U007856,3.75,0.5,1
U004009,5.0,2.0,2
U000414,3.6,0.4,1
U002478,3.3333333333333335,0.0,1
U008335,4.0,0.75,1
U004107,4.5,0.0,2
U008485,4.0,0.5,2
U006037,1.0,0.0,0
U001315,3.5,0.5,0
U000540,4.0,0.0,2
U000930,4.0,0.0,2
U003678,3.3333333333333335,0.3333333333333333,1
U002345,3.0,1.0,0
U005765,4.0,1.0,2
U002789,3.0,0.0,0
U005588,5.0,1.0,2
U009426,2.0,0.0,0
U003117,2.0,0.0,0
U007516,3.0,1.0,0
U000107,4.0,0.3333333333333333,1
U008782,4.0,0.0,2
U002621,5.0,0.0,2
U003695,4.0,0.0,2
U005889,3.3333333333333335,1.0,1
U008605,5.0,0.0,2
U000025,3.0,0.5,0
U005342,4.0,0.3333333333333333,1
U002655,3.6666666666666665,0.0,1
U000149,3.6666666666666665,1.0,1
U005279,3.6666666666666665,0.0,1
U000361,4.0,0.0,2
U006298,3.6666666666666665,0.6666666666666666,1
U006102,3.5,0.75,1
U000349,3.8333333333333335,0.5,1
U003636,4.333333333333333,0.6666666666666666,1
U006346,5.0,0.0,2
U007565,2.5,0.0,1
U007919,4.0,0.0,2
U006967,4.0,0.0,2
U009243,4.25,0.25,1
U004494,5.0,1.0,2
U001221,4.0,1.0,2
U005594,3.0,0.6666666666666666,1
U006777,4.0,0.5,2
U003759,2.0,0.3333333333333333,0
U006798,5.0,0.0,2
U008966,4.0,0.5,2
U008917,4.666666666666667,0.3333333333333333,1
U000330,4.0,0.0,2
U003946,1.0,1.0,0
U000232,3.6666666666666665,0.6666666666666666,1
U000639,2.0,1.0,0
U009912,3.0,0.0,0
U009335,4.0,1.0,2
U007910,4.5,1.5,2
U007831,3.75,0.25,1
U007274,2.0,0.0,0
U008768,3.3333333333333335,0.6666666666666666,1
U008540,4.166666666666667,0.3333333333333333,1
U001525,3.6666666666666665,0.3333333333333333,1
U001644,2.0,1.0,0
U002294,4.333333333333333,0.6666666666666666,1
U003435,4.0,0.75,1
U001052,3.5,0.0,1
U004313,4.0,0.0,2
U001320,3.5,0.0,0
U009936,2.0,1.0,0
U005092,3.25,1.0,1
U000494,4.0,1.0,2
U004964,4.0,0.0,2
U004321,3.2,0.2,1
U003298,3.0,1.0,0
U009079,3.0,0.0,0
U001914,4.5,1.0,2
U007286,3.0,1.3333333333333333,1
U005874,3.0,0.0,0
U008116,3.0,0.5,0
U001845,5.0,2.0,2
U008071,4.0,0.0,2
U006442,2.75,0.5,1
U002545,4.333333333333333,0.3333333333333333,1
U004415,4.0,0.5,2
U000585,4.0,0.0,2
U005206,3.0,0.0,0
U008986,4.0,0.0,2
U009526,3.0,0.0,0
U000838,3.0,0.0,0
U002079,3.0,1.0,0
U007417,3.0,1.0,0
U001124,5.0,0.0,2
U008168,4.5,0.5,2
U006650,4.0,0.0,2
U008801,3.0,0.3333333333333333,1
U006523,4.0,0.25,1
U006829,4.5,0.5,2
U004617,4.0,0.0,2
U001679,2.7777777777777777,0.4444444444444444,1
U002328,5.0,1.0,2
U001889,4.0,0.0,1
U008411,3.0,0.0,0
U009294,4.0,0.6666666666666666,1
U001288,4.0,0.0,2
U009887,3.75,0.25,1
U007031,4.5,0.0,2
U009242,4.333333333333333,0.6666666666666666,1
U003062,4.0,1.0,2
U006714,5.0,0.6666666666666666,1
U001517,2.75,0.0,1
U005277,3.6666666666666665,0.3333333333333333,1
U005788,4.0,0.3333333333333333,1
U006764,4.5,1.0,2
U003035,3.6666666666666665,0.3333333333333333,1
U002317,3.0,1.0,0
U003860,3.5,0.0,1
U004436,2.3333333333333335,0.3333333333333333,1
U001055,4.0,0.0,1
U001776,2.0,2.0,0
U002956,2.0,1.0,0
U001354,5.0,0.0,2
U006703,4.0,0.0,2
U001569,2.0,0.0,0
U004847,2.0,0.0,0
U005319,3.0,0.0,0
U005022,4.0,1.0,2
U007182,5.0,0.0,2
U008212,3.0,0.5,0
U009957,3.0,2.0,0
U005693,4.0,0.0,2
U009946,5.0,0.0,2
U008268,3.1666666666666665,0.6666666666666666,1
U001633,2.5,0.0,0
U008289,3.3333333333333335,0.3333333333333333,1
U000525,3.3333333333333335,0.6666666666666666,1
U002743,4.5,1.0,2
U003750,4.0,0.0,1
U003751,3.3333333333333335,0.6666666666666666,1
U000168,3.6,0.4,1
U009276,2.0,0.5,0
U004933,1.0,0.0,0
U007170,4.5,1.5,2
U000261,5.0,0.0,2
U001840,3.5,0.0,0
U006165,4.285714285714286,0.5714285714285714,1
U001631,4.0,0.75,1
U002062,4.0,1.3333333333333333,1
U007452,3.6666666666666665,0.3333333333333333,1
U005470,3.0,0.5,0
U001248,4.0,0.0,2
U001189,4.25,0.5,1
U004433,5.0,0.0,2
U002200,4.0,0.0,2
U003577,3.5,0.0,0
U007027,3.0,0.5,0
U006209,2.0,1.0,0
U006940,2.0,0.0,0
U007035,4.0,0.5,2
U006769,5.0,0.0,2
U005309,4.0,1.0,2
U000278,3.0,0.0,0
U001723,3.0,0.0,0
U007105,3.0,1.0,0
U009187,3.0,0.0,1
U005474,5.0,0.0,2
U008571,3.0,0.0,0
U003385,4.333333333333333,0.6666666666666666,1
U009777,3.4,0.6,1
U008092,3.2,1.0,1
U001045,3.5,0.5,0
U003889,3.6,0.4,1
U002845,3.3333333333333335,1.0,1
U007072,2.0,0.0,0
U007670,3.0,1.0,0
U009467,3.0,1.0,0
U001842,3.8,0.4,1
U005745,4.0,0.0,2
U005435,3.0,0.75,1
U007969,3.3333333333333335,0.3333333333333333,1
U008088,3.3333333333333335,0.3333333333333333,1
U005240,3.0,0.0,0
U008737,4.0,0.0,1
U000796,4.0,1.0,2
U006762,3.3333333333333335,0.6666666666666666,1
U001744,4.0,0.0,2
U005601,1.5,0.0,0
U008752,3.5,0.0,0
U008123,4.0,0.0,2
U000182,3.0,0.5,0
U002441,4.0,0.3333333333333333,1
U004888,4.333333333333333,0.6666666666666666,1
U008678,2.5,1.0,0
U001874,4.5,0.0,2
U004381,3.0,0.0,0
U008972,2.0,0.0,0
U000228,3.5,1.5,0
U002629,3.6666666666666665,0.3333333333333333,1
U002407,4.0,0.0,2
U004259,3.0,1.0,0
U003013,2.0,0.0,0
U001523,3.6666666666666665,0.0,1
U000853,3.5,0.5,0
U009318,4.0,1.0,2
U003113,3.0,0.0,0
U002559,3.0,0.0,0
U005636,5.0,1.5,2
U005420,3.4,1.2,1
U002355,4.5,0.5,2
U008457,3.0,1.0,0
U009156,3.3333333333333335,0.6666666666666666,1
U001922,4.0,0.25,1
U005504,4.25,0.5,1
U001668,4.0,0.0,2
U004066,1.6666666666666667,1.0,0
U002007,3.0,0.2,1
U009470,4.0,0.8333333333333334,1
U008197,2.0,2.0,0
U002334,3.3333333333333335,0.6666666666666666,1
U000788,3.75,0.75,1
U007820,5.0,0.0,2
U001578,3.75,0.5,1
U001275,3.6666666666666665,0.6666666666666666,1
U004563,1.0,0.0,0
U006895,2.6666666666666665,1.0,1
U007244,3.5,1.5,0
U009908,3.0,1.0,0
U002343,5.0,1.0,2
U008601,1.0,1.0,0
U006536,2.0,1.0,0
U007269,5.0,0.0,2
U006871,4.0,0.75,1
U009752,4.0,0.0,2
U006528,3.0,0.3333333333333333,1
U009059,1.0,0.0,0
U003226,5.0,0.0,2
U009485,2.75,0.0,1
U008297,4.0,2.0,2
U000264,2.75,0.75,1
U000588,3.0,0.5,0
U000048,5.0,2.0,2
U005585,2.5,1.0,0
U003559,5.0,0.0,2
U001256,1.0,0.0,0
U000964,3.0,0.5,0
U007364,4.0,0.0,2
U002356,3.75,0.5,1
U007030,4.5,1.5,2
U002359,4.0,0.0,2
U001135,3.6666666666666665,1.0,1
U007964,3.5,1.0,0
U004012,5.0,1.0,2
U006244,1.0,1.0,0
U002481,4.0,0.0,2
U008819,3.5,0.5,0
U002247,4.0,0.0,2
U001057,4.0,0.3333333333333333,1
U005230,4.0,0.0,2
U003655,3.5,0.0,0
U009050,2.0,1.0,0
U009478,3.0,0.0,0
U000871,2.0,1.0,0
U005318,4.0,2.0,2
U004117,4.0,0.5,2
U002073,2.0,1.0,0
U005436,3.5,0.5,0
U003361,5.0,0.0,2
U009503,4.0,0.0,2
U009548,4.0,0.0,2
U007022,2.0,0.0,0
U002653,5.0,0.0,2
U006835,3.75,0.25,1
U004495,3.0,0.6666666666666666,1
U005662,2.3333333333333335,0.6666666666666666,1
U009630,3.3333333333333335,0.3333333333333333,1
U008096,4.0,0.0,2
U008091,4.285714285714286,0.42857142857142855,1
U008943,4.2,0.6,1
U002210,4.2,0.6,1
U000975,4.0,0.3333333333333333,1
U002612,5.0,0.0,2
U001188,4.0,0.0,2
U009040,3.0,1.0,0
U004462,3.5,1.5,0
U006141,5.0,0.0,2
U009948,4.0,0.5,2
U007594,3.0,1.5,0
U006600,5.0,0.0,2
U009144,3.0,0.0,0
U005413,5.0,0.0,2
U009724,3.0,0.0,0
U002876,3.0,0.0,0
U004314,5.0,2.0,2
U004863,3.0,0.5,0
U004987,2.6666666666666665,0.6666666666666666,1
U009287,5.0,1.0,2
U005880,3.0,1.0,0
U007708,3.0,0.0,0
U000663,5.0,0.0,2
U001253,4.0,0.0,2
U009125,3.6666666666666665,0.3333333333333333,1
U007021,4.0,0.0,2
U002242,4.0,0.0,2
U007729,5.0,0.0,2
U001094,2.3333333333333335,0.3333333333333333,1
U004344,4.0,0.0,2
U007904,1.0,0.0,0
U006422,1.0,0.0,0
U000922,3.6666666666666665,0.3333333333333333,1
U004942,3.1666666666666665,0.16666666666666666,1
U007909,4.375,0.5,1
U009743,3.0,1.0,0
U000614,3.25,0.5,1
U000231,2.6666666666666665,0.6666666666666666,1
U003911,4.0,0.3333333333333333,1
U005619,3.5,1.5,0
U001582,4.5,0.5,2
U005030,5.0,1.0,2
U008385,4.0,0.0,2
U009026,3.0,1.0,1
U004121,3.75,0.25,1
U000860,4.0,0.0,1
U009533,3.3333333333333335,0.3333333333333333,1
U009618,3.3333333333333335,1.3333333333333333,1
U007626,3.0,0.0,0
U007871,2.3333333333333335,0.0,1
U009199,4.5,0.5,2
U007239,2.5,0.5,0
U001652,5.0,0.0,2
U004609,3.6666666666666665,0.6666666666666666,1
U004912,4.0,1.0,1
U002194,4.0,1.0,2
U000848,3.0,1.0,0
U003476,1.0,0.0,0
U008896,5.0,1.0,2
U002406,3.5,0.5,0
U005471,3.5,1.5,0
U007681,4.0,0.0,2
U007507,2.0,2.0,0
U004428,3.3333333333333335,0.3333333333333333,1
U006407,3.5,0.5,0
U002746,4.0,0.0,2
U003795,3.0,0.0,0
U004015,4.0,0.4,1
U000611,2.25,0.5,1
U007202,2.0,0.0,0
U007532,4.5,0.0,1
U008142,4.0,0.0,1
U008418,3.5,0.5,0
U006488,3.0,1.0,0
U008853,3.5,0.5,0
U008364,4.0,1.0,2
U000366,3.0,2.0,0
U005079,4.0,1.0,2
U007544,3.6666666666666665,0.0,1
U008057,3.5,0.0,0
U004199,3.5,0.0,0
U003230,3.5,1.5,0
U004399,2.0,1.0,0
U004446,3.75,0.75,1
U009482,3.3333333333333335,0.6666666666666666,1
U004086,5.0,1.0,2
U003510,3.0,0.0,0
U001485,3.5,0.0,0
U002459,2.0,0.0,0
U006294,5.0,0.0,2
U003704,4.0,0.3333333333333333,1
U000171,5.0,0.0,2
U000631,4.6,0.2,1
U008441,3.0,1.0,0
U002699,3.8,0.2,1
U008215,4.0,0.5,2
U007596,2.0,1.0,0
U001597,3.0,0.75,1
U008868,3.7142857142857144,0.42857142857142855,1
U002571,3.75,0.5,1
U004982,4.25,0.25,1
U008249,3.0,0.0,0
U004234,3.0,0.3333333333333333,1
U008802,5.0,0.0,2
U008176,4.333333333333333,0.3333333333333333,1
U006252,5.0,1.0,2
U002197,2.75,0.25,1
U009420,3.5,2.0,0
U002342,2.3333333333333335,0.6666666666666666,1
U002324,1.5,1.0,0
U003964,4.0,0.0,2
U004977,3.0,0.0,0
U005359,2.0,0.0,0
U000154,3.5,0.5,0
U008530,5.0,1.0,2
U009560,2.0,0.0,0
U005789,4.0,2.0,2
U003149,3.0,0.0,0
U007560,5.0,0.0,2
U006234,3.0,0.0,0
U004144,3.4,0.2,1
U004268,4.5,0.25,1
U000486,3.375,0.375,1
U008516,3.5,0.0,0
U001053,3.25,0.25,1
U005105,3.6,0.2,1
U005201,4.0,0.0,2
U007956,3.0,0.0,0
U001680,4.0,0.5,1
U000430,5.0,2.0,2
U005180,3.6666666666666665,0.3333333333333333,1
U009658,4.0,0.0,2
U009143,3.0,0.0,1
U002320,2.0,1.0,0
U002620,4.0,0.0,2
U008061,4.25,0.75,1
U001445,2.0,0.0,0
U003547,4.166666666666667,0.6666666666666666,1
U000632,2.0,0.5,0
U009881,3.5,1.0,0
U002099,4.0,0.0,2
U009774,5.0,1.0,2
U009854,5.0,1.0,2
U001031,3.5,1.5,0
U004873,4.0,0.0,2
U005739,4.0,0.0,2
U007020,5.0,1.0,2
U007063,5.0,0.0,2
U003381,4.0,0.0,2
U000814,2.0,0.0,0
U004306,3.1666666666666665,0.3333333333333333,1
U008561,4.5,1.0,2
U007667,2.5,0.75,1
U004827,3.0,0.75,1
U002121,3.3333333333333335,0.6666666666666666,1
U006723,2.3333333333333335,0.0,1
U005576,2.75,0.5,1
U009356,3.5,0.0,0
U006416,3.0,1.0,0
U003092,3.0,1.0,1
U000441,2.0,1.0,0
U001308,4.0,1.0,2
U001420,4.0,0.6666666666666666,1
U008425,3.6666666666666665,0.0,1
U007085,3.0,0.0,0
U002205,3.0,1.0,0
U008267,3.75,1.5,1
U000678,3.5,1.0,0
U009209,4.0,0.0,1
U003359,3.8,0.6,1
U004693,1.0,0.0,0
U001230,4.0,0.6666666666666666,1
U001434,3.0,0.0,0
U003588,3.5,0.5,0
U007645,4.5,1.0,2
U000526,3.5,0.0,0
U009661,1.5,0.0,0
U005950,5.0,1.0,2
U009474,1.0,1.0,0
U005153,4.5,0.0,2
U008424,5.0,1.0,2
U009616,3.75,1.0,1
U002849,2.3333333333333335,0.6666666666666666,1
U006235,2.5,1.25,1
U000653,2.0,0.5,1
U000233,3.6666666666666665,0.6666666666666666,1
U009002,3.0,1.0,0
U009270,4.0,0.0,1
U001827,4.25,1.0,1
U004460,3.6,0.8,1
U006296,4.0,1.0,2
U008609,4.0,1.0,2
U003681,2.8333333333333335,0.16666666666666666,1
U007945,3.5,0.0,0
U005555,3.5,0.0,0
U001630,5.0,1.0,2
U001886,3.4,0.0,1
U009310,3.3333333333333335,0.0,1
U003439,3.1666666666666665,0.6666666666666666,1
U009280,3.0,0.0,0
U000131,5.0,0.0,2
U008970,5.0,0.0,2
U002870,4.333333333333333,0.0,1
U001673,4.5,0.5,2
U007206,4.0,0.25,1
U005404,5.0,0.0,2
U008195,3.0,0.0,0
U004602,3.0,2.0,0
U009350,4.0,0.0,2
U001063,3.0,1.0,0
U000094,2.0,0.0,0
U007295,4.0,1.0,2
U002727,5.0,0.0,2
U007331,3.0,2.0,0
U003972,4.666666666666667,0.3333333333333333,1
U006025,3.3333333333333335,1.3333333333333333,1
U001366,5.0,0.0,2
U009545,4.4,0.0,1
U004674,4.0,0.5,2
U005038,2.5,0.0,0
U006429,5.0,0.0,2
U009787,3.0,0.0,0
U003791,2.5,0.0,0
U004005,2.0,0.0,0
U009115,3.0,0.25,1
U009655,5.0,0.0,2
U007297,3.0,0.0,1
U009847,3.0,0.5,0
U003555,4.5,1.5,2
U004529,3.0,0.0,0
U001267,5.0,1.0,2
U005302,4.0,0.0,2
U009200,4.0,0.5,2
U009899,3.5,0.0,0
U007780,5.0,0.0,2
U002105,4.0,0.0,2
U005597,2.5,1.0,0
U000990,5.0,0.0,2
U002960,3.0,1.0,0
U005916,1.0,0.0,0
U001741,3.5,1.0,0
U001330,4.0,2.0,2
U008430,3.0,0.0,0
U007230,4.0,0.0,1
U008940,2.75,0.75,1
U002117,4.333333333333333,0.3333333333333333,1
U004883,5.0,0.0,2
U001382,3.0,0.5,0
U004119,3.3333333333333335,0.0,1
U003409,3.0,0.0,0
U003746,3.0,0.6666666666666666,1
U005476,3.0,1.0,0
U000219,3.5,0.16666666666666666,1
U002741,4.0,2.0,2
U009032,5.0,1.0,2
U004251,3.25,0.0,1
U007899,3.5,0.0,0
U002602,4.0,0.5,2
U001018,2.6666666666666665,0.6666666666666666,1
U000832,4.0,0.5,2
U008376,3.0,2.0,0
U009095,3.0,2.0,0
U008944,3.5,0.25,1
U001200,5.0,0.0,2
U001294,3.0,0.0,1
U005285,2.0,0.0,0
U003858,3.6666666666666665,0.0,1
U000879,3.3333333333333335,0.6666666666666666,1
U000423,5.0,0.0,2
U009739,5.0,0.0,2
U006948,2.6666666666666665,0.0,1
U002255,5.0,0.0,2
U004773,4.0,1.0,2
U008882,4.0,0.0,2
U005717,2.0,2.0,0
U004393,4.0,1.0,2
U008480,3.8,0.4,1
U002520,4.333333333333333,0.6666666666666666,1
U001576,3.0,1.0,0
U008160,3.0,0.5,0
U001351,3.0,1.0,0
U000452,3.6666666666666665,0.6666666666666666,1
U001465,3.1666666666666665,0.3333333333333333,1
U005704,5.0,1.0,2
U009860,2.5,0.0,0
U003470,4.0,0.0,2
U005825,5.0,0.0,2
U002071,4.0,0.5,2
U008275,3.3333333333333335,0.6666666666666666,1
U002010,3.5,0.5,0
U002574,2.0,1.0,0
U007721,4.0,0.0,2
U003879,3.5,0.0,0
U009128,4.5,0.5,2
U009780,3.6666666666666665,1.0,1
U001695,4.0,1.0,2
U004422,2.0,0.3333333333333333,0
U002448,2.0,1.0,0
U006128,4.0,1.0,2
U000746,3.0,0.0,0
U005696,4.0,0.0,2
U007265,3.0,1.0,0
U005324,3.3333333333333335,0.0,1
U005441,3.5,0.5,1
U008300,4.0,0.3333333333333333,1
U000183,4.333333333333333,0.6666666666666666,1
U006532,4.0,0.0,1
U002215,3.0,0.6666666666666666,1
U000884,3.5,0.25,1
U008695,3.5,0.0,0
U003392,3.5,0.0,0
U003877,4.333333333333333,0.6666666666666666,1
U009030,3.0,1.0,0
U004194,3.0,1.0,0
U002861,3.6666666666666665,0.6666666666666666,1
U000941,3.0,0.0,0
U009475,3.0,0.0,0
U003693,5.0,2.0,2
U008380,3.6,0.2,1
U007768,3.0,1.0,0
U006594,3.0,1.0,0
U003832,4.0,0.0,2
U003102,5.0,2.0,2
U004444,5.0,1.0,2
U001550,2.0,1.0,0
U006629,4.0,0.0,2
U003133,3.0,0.0,0
U007597,5.0,0.0,2
U003966,5.0,0.0,2
U005139,3.0,0.0,0
U007943,2.0,0.0,0
U005592,4.0,1.0,2
U008904,5.0,0.5,2
U009554,3.0,0.0,0
U001204,4.333333333333333,0.3333333333333333,1
U005099,2.75,0.25,1
U008337,5.0,1.0,2
U007739,3.5,0.25,1
U003190,3.25,0.25,1
U004623,3.8333333333333335,0.6666666666666666,1
U004115,3.0,0.0,0
U005647,3.3333333333333335,0.6666666666666666,1
U003478,4.0,1.0,2
U003046,4.0,0.0,2
U001162,4.0,0.0,2
U005587,1.0,0.0,0
U005278,5.0,0.0,2
U007881,3.857142857142857,0.14285714285714285,1
U000250,3.0,1.3333333333333333,1
U001717,5.0,2.0,2
U007785,2.5,0.25,1
U003995,3.5,1.0,0
U008829,2.5,0.5,0
U007145,4.5,1.5,2
U008463,5.0,1.0,2
U007811,3.6666666666666665,0.3333333333333333,1
U000876,3.5,0.0,0
U003664,3.0,1.0,0
U005959,3.0,2.0,0
U006722,2.8,0.2,1
U005902,3.0,0.8,1
U008791,4.0,0.0,2
U003511,3.5,0.5,0
U003880,1.0,1.0,0
U007553,3.0,1.0,1
U008995,4.5,1.0,2
U009060,2.5,1.0,0
U001989,4.5,0.0,2
U005007,3.0,0.0,0
U006805,4.0,2.0,2
U007482,5.0,0.0,2
U009037,3.0,0.6666666666666666,1
U005703,2.0,0.0,0
U008973,3.0,0.0,0
U009395,3.0,1.5,0
U001850,3.875,0.75,1
U005040,2.0,1.0,0
U003127,4.0,1.3333333333333333,1
U004226,4.0,0.25,1
U000965,4.0,0.0,2
U006648,3.0,0.6666666666666666,1
U003059,1.0,1.0,0
U002369,3.0,1.0,0
U000325,5.0,1.0,2
U009644,2.5,0.5,0
U005800,3.5,0.0,0
U001100,2.0,0.0,0
U004737,4.285714285714286,0.14285714285714285,1
U004949,4.0,0.0,2
U001455,3.0,1.0,0
U005276,3.6666666666666665,1.0,1
U006306,3.75,0.5,1
U008840,5.0,0.0,2
U006785,4.0,0.75,1
U009053,3.0,1.0,0
U000356,4.0,0.0,2
U007390,4.0,2.0,2
U004867,4.0,1.0,2
U007251,3.5,0.5,0
U008800,5.0,2.0,2
U007416,4.25,0.5,1
U000572,5.0,0.0,2
U002076,4.0,0.75,1
U007517,1.0,0.0,0
U001421,2.0,0.0,0
U006389,3.5,1.0,0
U003372,4.0,0.0,2
U008384,5.0,0.5,2
U009158,3.3333333333333335,0.6666666666666666,1
U003648,3.25,0.75,1
U009528,3.0,2.0,0
U008214,3.5,0.5,0
U002153,3.0,0.4,1
U002286,4.75,0.5,1
U004908,3.0,0.0,0
U009278,5.0,0.0,2
U009687,3.0,1.6666666666666667,1
U000202,3.0,0.5,0
U000442,3.0,1.0,0
U005686,3.75,1.0,1
U000844,3.0,1.0,0
U007870,2.0,1.0,0
U002809,3.0,1.0,0
U009239,4.0,0.0,2
U007057,3.6666666666666665,0.6666666666666666,1
U006149,4.5,1.0,2
U009695,2.0,1.0,0
U008826,2.0,2.0,0
U004858,1.5,0.0,0
U007677,4.0,0.0,2
U007119,4.0,0.0,2
U002884,2.0,0.0,0
U001274,3.0,0.0,0
U008920,3.0,0.0,0
U001951,3.5,0.5,0
U009921,5.0,2.0,2
U007171,3.0,0.16666666666666666,1
U004215,2.5,0.5,0
U003067,3.75,1.25,1
U005667,4.0,0.5,2
U003221,2.0,0.3333333333333333,0
U007798,3.0,1.0,0
U005366,4.0,0.5,2
U009574,2.6666666666666665,1.3333333333333333,1
U006801,4.0,0.25,1
U003957,4.0,0.2857142857142857,1
U004177,4.0,0.0,2
U002577,4.0,1.0,2
U000634,4.0,0.0,2
U001749,4.0,0.0,2
U002392,4.5,0.5,2
U007068,3.25,0.0,1
U002260,5.0,0.0,2
U001132,2.6666666666666665,1.3333333333333333,1
U006343,5.0,0.0,2
U004295,3.0,1.0,0
U003438,3.0,0.0,0
U006216,2.0,2.0,0
U006368,3.5,0.5,0
U003890,3.0,0.0,0
U006918,3.0,0.25,1
U005782,4.0,1.0,2
U006119,3.0,0.0,0
U005960,4.5,1.0,2
U007794,3.6666666666666665,0.0,1
U008373,1.0,0.0,0
U006082,4.0,1.0,2
U005554,3.0,0.0,0
U003229,3.0,1.0,0
U002366,1.0,0.0,0
U009603,5.0,0.0,2
U006465,3.0,1.0,0
U003216,4.0,1.0,2
U002157,2.5,0.0,0
U007096,2.5,0.5,0
U008938,2.5,1.0,0
U008303,4.0,1.0,2
U004192,5.0,1.0,2
U008835,4.0,0.0,2
U001080,3.7142857142857144,0.8571428571428571,1
U003468,4.0,0.3333333333333333,1
U000207,4.5,0.5,2
U000713,3.3333333333333335,0.6666666666666666,1
U003586,2.3333333333333335,0.3333333333333333,1
U001687,4.0,0.42857142857142855,1
U009197,4.5,1.0,2
U008114,3.0,0.0,0
U004720,5.0,0.0,2
U000807,2.0,2.0,0
U005269,2.6666666666666665,0.3333333333333333,1
U001187,4.5,1.0,2
U003865,4.0,0.0,2
U007950,2.0,0.0,0
U000747,4.0,0.5,2
U007149,2.0,2.0,0
U003266,5.0,1.0,2
U005538,2.0,0.0,0
U004368,3.0,0.5,0
U002323,3.5,1.5,0
U007139,5.0,0.0,2
U004147,4.0,1.0,2
U000531,3.5,0.0,0
U009567,3.0,0.0,0
U003336,3.6666666666666665,0.6666666666666666,1
U001361,2.0,0.0,0
U001796,4.0,0.0,2
U006797,5.0,1.0,2
U002680,5.0,0.0,2
U003112,3.0,0.25,1
U001880,3.5,1.0,0
U002711,4.0,0.3333333333333333,1
U007118,4.0,0.5,2
U001806,3.8333333333333335,0.0,1
U007756,4.5,0.0,2
U009696,2.3333333333333335,0.6666666666666666,1
U004938,4.0,1.25,1
U009589,2.6666666666666665,0.3333333333333333,1
U000992,3.5,0.0,0
U004528,4.25,0.5,1
U002075,5.0,1.0,2
U009785,4.0,0.5,1
U001280,2.0,1.0,0
U004572,5.0,1.0,2
U007716,3.0,0.0,0
U002830,3.6666666666666665,0.0,1
U003138,4.0,1.0,2
U004968,3.0,1.0,0
U009669,3.0,0.0,0
U004804,4.5,0.5,2
U008406,3.75,0.5,1
U007332,3.0,1.5,0
U006069,4.0,0.0,2
U009717,4.0,0.0,2
U003006,3.0,0.0,0
U008880,2.75,0.75,1
U003650,3.5,1.0,0
U009888,4.0,0.5,2
U005491,3.0,2.0,0
U000111,4.0,0.6666666666666666,1
U003542,3.2,0.6,1
U000415,3.8,1.0,1
U001664,4.0,0.0,2
U005833,3.0,0.8,1
U000295,2.75,0.75,1
U009258,2.5,0.5,0
U001198,3.0,0.0,0
U008669,4.5,0.0,2
U005760,2.6666666666666665,0.3333333333333333,1
U007792,5.0,1.0,2
U004581,4.333333333333333,0.3333333333333333,1
U008025,4.666666666666667,1.0,1
U002631,3.5,0.0,0
U008449,3.5,0.8333333333333334,1
U003022,4.0,1.0,2
U008586,4.5,0.0,2
U004338,3.5,0.0,1
U009184,4.0,0.0,2
U006031,3.5,0.0,0
U006047,2.0,1.0,0
U005971,2.0,2.0,0
U009442,4.0,2.0,2
U004684,2.0,1.0,0
U001333,2.0,0.0,0
U007772,5.0,1.0,2
U008957,3.0,0.0,0
U007944,4.0,1.0,2
U004475,2.6666666666666665,0.16666666666666666,1
U001325,1.0,0.0,0
U005117,4.0,1.0,2
U005407,4.5,0.5,2
U003430,4.2,0.0,1
U007644,2.0,0.0,0
U006783,3.3333333333333335,0.6666666666666666,1
U000119,3.4,0.8,1
U005687,5.0,0.5,2
U005410,5.0,0.0,2
U000981,3.0,0.0,0
U003334,3.0,0.5,0
U006033,3.5,0.5,0
U005853,4.0,0.6666666666666666,1
U005690,1.0,1.0,0
U008645,3.5,1.25,1
U001103,2.75,1.25,1
U009279,3.0,0.3333333333333333,1
U003091,4.0,0.0,1
U000331,2.6666666666666665,0.6666666666666666,1
U001332,4.0,1.0,2
U006845,4.0,0.5,2
U008936,3.0,0.0,0
U002948,2.5,1.5,0
U000126,3.5,0.75,1
U001054,4.5,0.5,2
U005903,3.0,0.0,0
U003628,4.5,0.5,2
U003415,3.0,0.0,0
U000699,5.0,0.0,2
U007310,4.0,1.3333333333333333,1
U003749,4.0,0.0,2
U002622,3.0,1.0,0
U003270,4.0,1.0,2
U009235,3.0,0.0,0
U000081,3.5,0.0,0
U003074,4.0,2.0,2
U000926,4.0,0.0,2
U002429,4.166666666666667,0.0,1
U005699,3.3333333333333335,0.6666666666666666,1
U004123,4.0,1.0,2
U009549,3.0,1.0,1
U006185,3.0,0.0,0
U006280,4.0,1.0,1
U000547,5.0,1.0,2
U002456,3.6666666666666665,1.0,1
U008640,3.5,0.0,0
U003833,4.0,0.0,2
U000477,2.0,1.0,0
U009862,1.0,1.0,0
U004691,2.0,1.0,0
U006016,5.0,0.0,2
U004280,4.0,0.0,2
U004653,5.0,1.0,2
U000687,3.5,0.0,0
U003788,5.0,1.0,2
U001304,3.5,0.5,0
U006651,1.0,0.0,0
U004664,4.0,1.0,2
U003134,2.0,0.0,0
U002219,5.0,0.0,2
U008713,5.0,1.0,2
U008869,3.0,0.0,0
U009831,2.0,0.0,0
U004600,4.0,0.0,2
U007864,3.0,0.0,0
U000019,3.5,1.0,0
U005590,4.2,0.2,1
U007340,3.0,1.5,0
U004053,2.3333333333333335,0.3333333333333333,1
U007282,4.0,1.2,1
U006659,3.0,0.25,1
U007298,3.0,1.0,0
U006226,4.0,0.0,2
U004482,4.0,0.0,2
U000668,3.0,1.0,0
U007067,4.0,0.0,2
U005770,4.0,1.0,2
U008618,3.2,0.8,1
U001019,3.0,0.0,1
U002974,2.0,0.0,0
U008231,3.3333333333333335,0.3333333333333333,1
U001296,4.0,0.0,2
U006278,5.0,2.0,2
U001490,2.5,0.0,0
U001424,4.0,0.0,2
U005975,3.0,1.0,0
U008346,5.0,0.0,2
U001701,1.0,0.0,0
U007166,3.0,0.25,1
U002783,4.5,0.0,2
U008533,4.333333333333333,0.6666666666666666,1
U009462,4.0,0.0,2
U004683,3.0,1.0,0
U008354,3.3333333333333335,0.6666666666666666,1
U004143,5.0,1.0,2
U006550,4.0,1.25,1
U005517,4.0,0.8333333333333334,1
U004282,3.0,1.0,1
U007816,3.0,0.0,0
U005713,2.0,1.0,0
U006558,3.0,0.0,0
U006036,4.0,1.5,2
U002233,5.0,1.0,2
U008746,4.0,0.5,2
U006377,3.0,0.0,0
U006508,4.0,0.5,2
U000001,3.3333333333333335,0.6666666666666666,1
U005756,3.0,1.0,0
U006605,5.0,0.0,2
U005400,2.0,0.0,0
U005244,1.0,0.0,0
U000842,4.0,1.0,2
U005627,4.0,0.0,2
U003020,4.0,0.0,2
U009983,2.0,0.0,0
U005449,4.0,1.0,2
U005694,2.0,0.0,0
U005338,3.0,1.0,0
U005271,3.0,0.0,0
U004487,4.25,0.5,1
U000833,3.5,0.5,0
U005999,3.25,0.5,1
U000837,3.0,0.6,1
U009702,4.0,0.5,2
U006836,4.0,0.1,1
U003121,2.0,1.0,0
U000055,3.75,0.75,1
U001212,3.0,1.3333333333333333,1
U009229,2.75,0.0,1
U008513,4.0,1.0,2
U001334,5.0,0.0,2
U003477,4.333333333333333,1.0,1
U009216,3.0,1.0,0
U003998,4.5,1.0,2
U008714,3.5,0.25,1
U009532,5.0,0.0,2
U008488,3.6,0.4,1
U003162,4.0,0.0,2
U009295,4.0,0.3333333333333333,1
U007531,3.0,0.0,0
U005210,4.0,0.0,2
U006083,5.0,0.0,2
U008627,2.0,2.0,0
U004805,3.3333333333333335,0.6666666666666666,1
U008733,3.8,0.8,1
U002972,4.0,0.0,2
U006330,3.0,0.6666666666666666,1
U002421,5.0,0.0,2
U003360,5.0,0.0,2
U000691,3.25,0.5,1
U009501,2.0,1.0,0
U009631,4.0,0.0,1
U001646,3.0,0.0,0
U000326,3.3333333333333335,0.6666666666666666,1
U002586,4.333333333333333,0.3333333333333333,1
U003197,4.0,0.6666666666666666,1
U002872,5.0,0.0,2
U001660,2.6666666666666665,0.3333333333333333,1
U009705,1.0,0.0,0
U004794,3.3333333333333335,0.6666666666666666,1
U001771,3.5,1.0,0
U002142,5.0,1.5,2
U005564,3.6666666666666665,0.0,1
U006928,5.0,0.0,2
U005325,3.5,0.5,0
U003945,2.0,0.0,0
U000186,5.0,0.0,2
U009093,3.0,1.0,0
U007675,3.6666666666666665,0.0,1
U000670,3.0,0.0,0
U005429,4.0,0.0,2
U008582,4.0,0.0,2
U000684,4.2,0.8,1
U008725,4.0,1.0,2
U001611,2.2,0.2,1
U002287,3.75,0.25,1
U006080,3.0,0.5,0
U003933,4.666666666666667,0.0,1
U009241,4.0,0.0,2
U009871,4.25,0.5,1
U002489,4.0,2.0,2
U000840,3.5,0.25,1
U009570,3.3333333333333335,0.3333333333333333,1
U006782,3.5,0.0,0
U000665,3.6666666666666665,0.3333333333333333,1
U009334,3.7142857142857144,0.42857142857142855,1
U001945,2.0,0.0,0
U003796,4.25,1.0,1
U008774,3.7142857142857144,0.42857142857142855,1
U007164,4.4,0.6,1
U000086,2.0,2.0,0
U003811,3.25,0.5,1
U002173,3.0,0.0,0
U008670,3.0,0.0,0
U005488,4.5,0.0,2
U006166,2.5,0.5,1
U000406,3.0,0.0,0
U009124,4.0,2.0,2
U006443,5.0,1.0,2
U009142,3.0,0.5,0
U008505,4.0,0.0,2
U004923,3.6666666666666665,0.0,1
U006164,3.0,0.0,0
U009682,5.0,0.0,2
U007494,4.0,0.0,2
U002389,3.0,1.5,0
U009084,3.0,0.0,0
U004348,3.0,1.0,0
U003456,5.0,2.0,2
U005888,5.0,0.0,2
U006699,3.0,0.6666666666666666,1
U008219,4.5,0.0,2
U002069,2.0,1.0,0
U005560,3.5,0.0,0
U004517,2.5,1.0,0
U009041,4.25,0.5,1
U005733,3.3333333333333335,0.5,1
U000244,2.0,1.0,0
U003755,3.5,0.0,0
U007882,3.3333333333333335,0.3333333333333333,1
U003388,4.0,1.0,2
U003842,4.5,0.0,2
U003460,4.666666666666667,0.6666666666666666,1
U003521,4.0,0.3333333333333333,1
U003790,4.333333333333333,0.3333333333333333,1
U007550,3.25,0.5,1
U006182,3.0,0.0,1
U000594,4.666666666666667,0.0,1
U001602,5.0,1.5,2
U000074,4.333333333333333,0.3333333333333333,1
U001191,3.5,1.0,0
U003901,4.25,1.0,1
U008848,4.2,0.6,1
U002993,3.3333333333333335,0.6666666666666666,1
U008824,2.5,1.0,0
U005774,3.0,1.5,0
U003446,2.0,1.0,0
U002566,3.0,0.0,0
U003454,3.5,0.5,0
U003274,4.0,0.0,2
U007931,5.0,0.0,2
U008097,3.25,0.25,1
U001719,3.0,0.3333333333333333,1
U001901,4.0,0.0,2
U008328,4.5,1.0,2
U003603,3.3333333333333335,0.6666666666666666,1
U009668,3.0,1.0,0
U005535,3.6666666666666665,0.3333333333333333,1
U005556,2.6666666666666665,0.3333333333333333,1
U005125,2.0,0.0,0
U007876,4.0,0.0,2
U003952,4.0,0.6666666666666666,1
U007548,4.5,1.0,2
U008279,5.0,0.0,2
U004378,3.3333333333333335,1.0,1
U007668,5.0,0.0,2
U006374,2.6666666666666665,0.3333333333333333,1
U003223,3.6666666666666665,0.3333333333333333,1
U005622,2.0,0.5,0
U001389,5.0,0.0,2
U007602,3.5,0.0,0
U004701,3.0,2.0,0
U005000,4.0,1.5,2
U006241,3.0,0.6666666666666666,1
U002020,4.0,0.3333333333333333,1
U006997,3.0,0.0,0
U003605,3.0,0.0,0
U001205,3.0,0.0,0
U005059,3.75,0.75,1
U007940,4.0,2.0,2
U001908,3.0,1.0,0
U008603,3.0,0.8,1
U008163,3.4,0.2,1
U004477,3.0,0.0,0
U007503,2.0,1.0,0
U009680,2.75,1.0,1
U005973,4.333333333333333,0.3333333333333333,1
U005143,3.0,0.0,0
U006168,2.3333333333333335,0.3333333333333333,1
U009149,5.0,0.0,2
U009502,3.6666666666666665,1.0,1
U007988,3.0,0.0,0
U005792,4.25,0.75,1
U008664,3.0,0.0,0
U000499,4.0,0.5,2
U003720,4.0,0.0,2
U003268,4.0,0.0,2
U006357,4.0,0.5,2
U007585,2.5,0.5,0
U002930,3.0,1.0,0
U003370,2.6666666666666665,0.0,1
U000909,3.75,0.25,1
U002868,3.75,1.0,1
U003342,3.6,0.6,1
U001568,2.6666666666666665,0.6666666666666666,1
U006369,3.0,0.2,1
U008552,2.6666666666666665,1.0,1
U009261,3.6666666666666665,0.3333333333333333,1
U002490,3.4,0.2,1
U008830,4.0,0.0,2
U008428,3.3333333333333335,1.0,1
U008598,2.5,0.5,0
U000009,2.0,0.0,0
U007463,2.0,0.0,0
U006981,2.0,0.3333333333333333,0
U003214,3.4,0.6,1
U000103,3.0,0.0,0
U002669,4.0,0.3333333333333333,1
U000595,5.0,0.0,2
U006575,3.5,0.75,1
U002874,4.0,1.0,2
U008477,3.0,1.0,0
U003516,4.5,1.0,2
U007135,5.0,1.0,2
U001236,3.0,0.0,0
U005727,3.3333333333333335,0.0,1
U006138,3.0,0.0,0
U008765,4.0,0.3333333333333333,1
U006713,4.0,0.0,2
U004421,5.0,1.0,2
U003051,4.0,1.0,2
U005295,4.0,1.0,2
U005463,3.0,0.0,1
U009052,5.0,0.0,2
U003623,3.0,0.3333333333333333,1
U000008,3.0,0.5,0
U008329,4.0,0.0,2
U002978,4.0,2.0,2
U008194,4.0,0.0,2
U003954,4.0,0.0,2
U006666,3.0,2.0,0
U002704,3.0,0.3333333333333333,1
U004618,4.0,0.0,2
U004145,3.6666666666666665,0.5,1
U004878,3.0,0.0,0
U004647,3.3333333333333335,0.6666666666666666,1
U005378,3.0,1.0,1
U000289,5.0,0.0,2
U003760,3.6666666666666665,0.3333333333333333,1
U006147,3.0,0.5,0
U005803,4.25,0.5,1
U001912,2.5,0.0,0
U009803,4.0,0.5,2
U004557,3.0,0.5,0
U006968,3.0,0.0,0
U006282,4.5,0.0,2
U004228,3.6666666666666665,0.6666666666666666,1
U008190,3.5,0.5,0
U003222,3.6666666666666665,0.0,1
U006860,5.0,0.0,2
U006643,3.5,0.5,0
U004796,4.0,1.0,2
U007359,4.0,0.0,2
U008964,1.0,1.0,0
U002538,4.0,0.0,2
U009298,4.0,1.0,2
U007767,4.0,0.5,2
U002204,5.0,1.0,2
U003179,5.0,1.0,2
U009890,4.5,0.0,2
U009635,5.0,0.0,2
U005111,4.0,0.0,2
U003289,3.5,0.16666666666666666,1
U002553,3.6,1.0,1
U001142,4.333333333333333,0.3333333333333333,1
U003643,2.25,0.0,1
U005026,3.3333333333333335,0.3333333333333333,1
U004014,4.0,0.3333333333333333,1
U002688,3.5,0.75,1
U007259,3.4,0.4,1
U006127,3.5,0.0,0
U008711,2.5,1.0,0
U004085,3.0,0.3333333333333333,1
U002963,3.0,0.5,0
U002983,4.666666666666667,0.3333333333333333,1
U005710,4.333333333333333,0.0,1
U006210,2.8,1.4,1
U006504,3.6666666666666665,0.3333333333333333,1
U008584,3.0,1.0,0
U004990,3.5,0.5,0
U001728,3.0,0.0,0
U008607,2.0,2.0,0
U004074,4.0,1.0,2
U000771,5.0,0.0,2
U004456,1.0,0.0,0
U003263,4.5,0.5,2
U008597,5.0,1.0,2
U007775,3.0,0.0,0
U008255,5.0,0.0,2
U008739,5.0,0.0,2
U001539,5.0,2.0,2
U000702,2.5,0.0,0
U003999,2.0,0.0,0
U005640,3.5,0.5,0
U002767,4.0,1.0,2
U005080,4.0,0.0,2
U007458,3.3333333333333335,0.3333333333333333,1
U006810,3.8333333333333335,0.16666666666666666,1
U008085,3.6666666666666665,0.5,1
U005442,4.0,1.0,2
U004904,3.0,0.0,0
U005729,3.8,0.2,1
U002791,3.0,0.0,0
U003659,4.0,0.5,2
U002883,3.0,0.0,0
U001168,4.5,0.0,2
U003414,4.333333333333333,0.0,1
U009312,4.0,0.3333333333333333,1
U004420,3.5,0.0,0
U008370,4.5,0.5,2
U004902,3.0,1.0,0
U001454,3.0,0.0,0
U004141,3.0,0.0,0
U006086,4.0,1.0,2
U006731,4.0,1.0,1
U003726,3.25,0.0,1
U003514,5.0,0.0,2
U001759,2.5,0.5,0
U006304,2.5,0.5,0
U008130,4.0,0.5,2
U007937,3.0,0.0,0
U000673,4.0,0.0,2
U003849,3.0,1.0,0
U006193,3.0,1.0,0
U005643,3.0,0.0,0
U009716,3.3333333333333335,1.0,1
U005917,4.0,0.5,2
U002417,2.3333333333333335,0.3333333333333333,1
U002128,3.8,0.6,1
U002130,4.333333333333333,0.3333333333333333,1
U001586,3.3333333333333335,0.0,1
U000121,3.4,0.4,1
U004050,3.6666666666666665,0.3333333333333333,1
U008987,4.5,1.0,2
U006609,3.5,0.0,0
U008779,4.0,1.0,2
U006451,2.0,1.0,0
U008182,3.0,0.0,0
U005712,3.0,1.0,0
U002546,3.3333333333333335,0.0,1
U009168,2.75,0.25,1
U002150,3.0,0.0,0
U000216,3.3333333333333335,0.3333333333333333,1
U003208,4.0,0.0,2
U007530,3.0,0.0,1
U006589,3.5,0.0,0
U003212,3.3333333333333335,0.0,1
U000706,4.0,0.0,2
U004992,4.0,0.5,2
U005227,3.6666666666666665,0.3333333333333333,1
U003533,3.0,0.0,0
U008864,3.3333333333333335,1.3333333333333333,1
U003530,3.5,1.0,1
U009214,3.0,0.0,0
U002056,3.0,1.0,1
U009092,5.0,0.0,2
U005412,3.0,0.0,0
U000567,4.0,1.0,2
U008358,4.0,0.0,2
U001199,3.0,0.0,0
U001700,4.5,1.5,2
U004731,3.0,0.0,0
U006667,2.0,1.0,0
U009333,3.5,0.0,0
U007312,4.666666666666667,0.3333333333333333,1
U008892,3.75,0.5,1
U002442,3.3333333333333335,0.6666666666666666,1
U005191,4.333333333333333,0.8333333333333334,1
U001178,3.0,0.0,0
U002070,3.0,0.6666666666666666,1
U002951,3.6666666666666665,0.6666666666666666,1
U005987,3.0,0.75,1
U000070,3.0,0.0,0
U005195,3.5,0.0,1
U003778,3.0,0.0,1
U008207,3.3333333333333335,0.0,1
U003689,3.25,0.5,1
U008324,3.5,0.0,0
U009730,4.0,0.0,2
U002871,2.5,0.5,0
U000752,4.0,0.0,2
U003257,2.0,2.0,0
U002043,4.5,0.0,2
U000654,3.4,0.0,1
U002701,3.8,0.0,1
U000185,4.0,0.0,2
U001398,3.0,1.0,0
U001379,5.0,0.0,2
U009638,3.0,1.0,0
U001064,4.0,0.5,2
U009845,2.0,2.0,0
U003903,4.0,0.0,2
U003198,4.0,0.0,2
U004270,2.0,1.0,0
U001801,4.0,0.0,2
U005268,3.0,0.0,0
U001740,2.0,0.0,0
U007346,3.0,1.0,0
U006579,2.0,0.0,0
U007527,4.0,0.0,2
U008434,5.0,0.75,1
U009958,3.0,1.0,0
U002316,4.0,0.0,2
U000787,4.0,1.0,2
U007493,4.285714285714286,0.42857142857142855,1
U004318,4.0,0.0,2
U002694,5.0,0.0,2
U006606,4.0,0.8,1
U000212,3.0,0.0,0
U003784,4.0,0.5,1
U003276,4.5,0.0,2
U000220,4.0,0.25,1
U002141,4.0,0.3333333333333333,1
U009939,4.0,0.0,2
U000354,2.0,1.0,0
U006464,3.0,0.6666666666666666,1
U007405,5.0,1.0,2
U003579,5.0,0.0,2
U000388,3.5,0.0,0
U001342,3.5,1.5,0
U009240,3.0,0.5,0
U003874,1.0,0.0,0
U003626,5.0,2.0,2
U001573,3.0,1.5,0
U004403,4.0,0.5,2
U006993,3.5,0.5,0
U002118,2.0,0.0,0
U000424,5.0,0.0,2
U000999,4.0,0.0,2
U001647,3.0,1.0,0
U008141,4.0,1.0,2
U009629,5.0,0.0,2
U002854,4.0,0.0,2
U002436,4.0,0.0,2
U007123,3.6666666666666665,1.3333333333333333,1
U008512,3.3333333333333335,0.3333333333333333,1
U005596,3.0,0.0,0
U009624,5.0,1.0,2
U004262,4.0,0.0,2
U008604,4.0,1.0,2
U000299,3.0,1.0,1
U002445,4.0,0.5,2
U006811,3.0,1.0,0
U008003,2.0,0.5,0
U006511,4.166666666666667,0.6666666666666666,1
U000962,4.333333333333333,0.3333333333333333,1
U002198,4.5,1.0,2
U008459,3.0,0.6666666666666666,1
U007701,4.166666666666667,0.6666666666666666,1
U004533,3.0,0.0,0
U008720,2.0,0.5,0
U006896,3.0,0.5,0
U006851,4.0,1.2,1
U008949,4.0,0.0,2
U004785,4.0,0.0,2
U001129,3.0,0.0,0
U004077,3.0,0.0,0
U008465,4.0,0.0,2
U004973,2.0,1.0,0
U005742,4.666666666666667,0.0,1
U004770,3.0,0.0,1
U003017,4.0,0.5,2
U002040,3.5,0.5,0
U002678,2.5,0.0,0
U000888,2.0,0.5,0
U009459,3.0,0.0,0
U000604,3.0,1.0,0
U003494,4.0,0.5,2
U003682,5.0,0.0,2
U005885,5.0,0.0,2
U000765,5.0,1.0,2
U004324,3.3,0.8,1
U009761,4.0,0.4,1
U009027,2.5,1.0,0
U004442,2.5,0.0,0
U002098,3.5,0.0,0
U000512,3.4,1.6,1
U001476,4.0,0.0,2
U004418,3.3333333333333335,0.0,1
U005682,4.0,1.0,2
U008478,4.0,1.0,2
U002258,3.3333333333333335,0.6666666666666666,1
U006039,4.0,0.0,2
U004997,4.0,1.5,2
U001145,4.0,0.0,2
U000387,2.2,0.4,1
U009718,2.5,0.0,0
U000468,3.3333333333333335,0.3333333333333333,1
U007972,2.5,0.0,0
U007782,3.0,1.0,0
U007926,3.0,1.0,1
U002881,4.5,0.0,2
U000449,5.0,0.0,2
U009973,3.0,0.0,0
U009876,3.5,0.5,0
U006687,4.0,0.0,2
U006388,3.5,0.5,0
U009185,4.0,0.0,2
U003680,3.0,0.0,0
U004830,2.5,0.0,0
U002177,5.0,1.0,2
U000399,5.0,0.0,2
U001714,3.25,0.75,1
U007185,3.0,0.6666666666666666,1
U001675,2.0,0.0,0
U007690,4.0,0.5,2
U001824,3.75,0.5,1
U000676,3.6666666666666665,0.3333333333333333,1
U007115,2.5,0.25,1
U000029,4.0,0.0,2
U008054,4.5,0.0,2
U007194,2.0,1.0,0
U001098,4.0,0.6666666666666666,1
U009657,3.0,0.5,1
U007184,4.0,0.0,2
U003886,2.0,1.5,0
U000283,5.0,1.0,2
U007936,4.0,0.0,2
U000605,3.5,0.0,0
U000761,2.0,1.0,0
U006060,5.0,0.0,2
U004892,4.0,0.0,2
U007858,4.0,1.0,2
U006396,5.0,0.0,2
U006802,4.0,0.5,2
U001203,3.0,1.0,0
U001593,3.0,0.0,0
U002887,3.0,0.0,0
U001291,1.0,0.0,0
U003854,4.0,0.0,2
U006480,4.0,0.0,1
U007653,3.75,0.0,1
U003319,3.8181818181818183,0.45454545454545453,1
U006632,3.25,0.5,1
U009855,2.0,0.0,0
U009182,4.0,0.5,1
U007495,3.0,2.0,0
U005986,2.5,0.5,0
U009812,4.2,0.8,1
U002259,2.5,1.0,0
U000409,4.0,0.0,2
U001352,4.0,1.0,2
U006631,3.25,0.25,1
U004922,5.0,0.0,2
U001161,4.0,0.0,2
U008719,5.0,0.0,2
U009552,3.6666666666666665,0.0,1
U008728,3.3333333333333335,0.3333333333333333,1
U000376,5.0,0.0,2
U002908,3.0,1.0,0
U006684,3.0,0.0,0
U002235,4.0,0.0,2
U009337,3.0,0.5,0
U005384,3.25,0.0,1
